movieId,minute,neutral,positive,negative
8399288,7,5,11,0
8399288,8,64,14,1
8399288,9,79,0,28
8399288,10,40,0,0
8399288,11,0,0,2
8399288,12,85,0,0
8399288,13,21,16,4
8399288,14,18,0,5
8399288,17,44,0,0
8399288,18,12,4,0
8399288,19,21,37,0
8399288,21,34,2,1
8399288,22,41,3,5
8399288,23,14,1,0
8399288,24,47,2,2
8399288,25,12,8,0
8399288,26,7,4,0
8399288,27,13,3,0
8399288,28,37,0,0
8399288,29,9,6,0
8399288,31,11,10,0
8399288,32,51,8,0
8399288,40,18,0,0
8399288,41,45,1,1
8399288,42,6,12,0
8399288,43,5,4,0
8399288,44,40,7,7
8399288,45,35,8,0
8399288,46,89,18,0
8399288,47,80,4,9
8399288,48,59,9,4
8399288,49,28,11,3
8399288,50,7,0,2
8399288,51,39,24,10
8399288,52,70,22,6
8399288,53,126,6,0
8399288,54,150,8,0
8399288,55,130,19,7
8399288,56,116,8,1
8399288,57,4,0,0
8399288,58,37,7,0
8399288,59,12,1,5
8399288,60,4,0,0
8399288,67,9,0,0
8399288,68,10,0,0
8399288,69,5,0,0
8399288,70,21,0,11
8399288,71,14,0,1
8399288,72,32,11,4
8399288,73,39,4,5
8399288,74,42,14,14
8399288,75,43,3,2
8399288,78,0,3,0
8399288,79,21,0,0
8399288,80,39,9,1
8399288,81,31,9,2
8399288,82,41,3,9
8399288,83,54,9,8
8399288,84,11,2,2
8399288,85,34,6,0
8399288,86,32,22,3
8399288,87,9,7,9
8399288,88,20,0,3
8399288,89,1,6,1
8399288,90,10,6,1
8399288,92,1,0,0
8399288,97,0,6,9
8399288,100,17,7,1
8399288,101,21,2,0
8399288,102,16,2,0
8399288,104,17,0,6
8399288,105,23,0,3
8399288,106,32,0,0
8399288,107,21,5,0
8399288,108,11,0,3
8399288,109,5,0,4
8399288,110,6,1,4
8399288,111,6,0,0
8399288,113,12,0,4
8399288,115,24,0,0
8399288,122,89,0,7
8399288,123,43,0,11
1588895,4,1,0,0
1588895,8,13,0,2
1588895,9,33,15,0
1588895,10,56,5,14
1588895,11,70,15,3
1588895,12,26,7,0
1588895,15,41,5,9
1588895,16,39,23,10
1588895,17,98,13,3
1588895,18,48,3,5
1588895,19,59,26,6
1588895,20,28,0,0
1588895,21,11,0,0
1588895,22,21,0,3
1588895,23,43,7,0
1588895,24,70,0,7
1588895,25,34,0,0
1588895,26,26,2,0
1588895,27,13,0,0
1588895,28,33,1,3
1588895,29,30,11,2
1588895,30,64,6,4
1588895,31,27,5,13
1588895,32,57,0,4
1588895,33,77,17,12
1588895,34,62,7,3
1588895,35,19,8,0
1588895,36,31,0,0
1588895,37,1,5,0
1588895,38,45,2,2
1588895,39,65,10,4
1588895,40,53,6,0
1588895,41,23,0,7
1588895,42,28,16,4
1588895,43,14,2,0
1588895,44,26,0,9
1588895,45,12,1,6
1588895,46,37,3,41
1588895,47,15,0,15
1588895,53,9,0,0
1588895,54,28,0,1
1588895,55,14,0,0
1588895,56,0,0,4
1588895,57,10,5,6
1588895,58,48,13,15
1588895,59,3,4,0
1588895,60,10,5,2
1588895,61,4,6,0
1588895,66,12,0,0
1588895,67,46,11,11
1588895,68,27,10,5
1588895,69,20,12,12
1588895,70,24,5,11
1588895,71,38,1,12
1588895,74,2,3,5
1588895,75,9,0,0
1588895,82,38,0,5
1588895,83,54,5,0
1588895,84,37,0,0
1588895,85,40,8,1
1588895,93,0,5,0
1588895,95,41,0,0
1588895,96,68,0,6
1588895,97,30,3,9
1588895,98,69,14,10
1588895,99,37,8,5
1588895,101,6,0,2
1588895,102,43,0,0
1588895,103,21,10,0
1588895,104,11,0,0
1588895,105,7,4,0
1588895,107,13,0,0
5013056,2,3,0,0
5013056,5,5,0,0
5013056,6,29,0,0
5013056,7,5,0,0
5013056,8,41,0,0
5013056,9,44,5,0
5013056,10,46,0,0
5013056,11,56,6,10
5013056,12,22,0,6
5013056,13,16,0,8
5013056,14,21,2,3
5013056,15,37,9,7
5013056,16,30,0,0
5013056,17,29,0,0
5013056,19,22,7,3
5013056,20,63,7,0
5013056,21,116,24,11
5013056,22,66,0,0
5013056,23,13,3,0
5013056,24,45,0,1
5013056,25,32,0,2
5013056,26,4,0,10
5013056,27,8,2,12
5013056,28,26,14,4
5013056,29,39,0,11
5013056,30,36,8,0
5013056,31,41,0,0
5013056,32,12,5,0
5013056,33,65,2,6
5013056,34,18,2,12
5013056,35,24,5,1
5013056,36,11,0,0
5013056,37,24,0,0
5013056,38,14,6,0
5013056,39,0,0,4
5013056,40,5,1,0
5013056,41,56,4,0
5013056,42,71,12,6
5013056,43,4,0,0
5013056,44,116,14,10
5013056,45,87,4,15
5013056,46,36,5,0
5013056,48,3,0,0
5013056,49,5,0,0
5013056,51,22,0,0
5013056,52,35,4,0
5013056,53,68,0,1
5013056,54,16,0,2
5013056,55,89,0,22
5013056,56,95,7,1
5013056,57,48,11,4
5013056,58,28,4,4
5013056,59,26,3,0
5013056,60,15,8,0
5013056,61,48,7,0
5013056,62,3,0,0
5013056,63,18,12,12
5013056,64,20,0,0
5013056,65,13,0,0
5013056,66,77,9,0
5013056,67,18,1,3
5013056,68,114,24,38
5013056,69,52,13,10
5013056,70,1,0,0
5013056,71,13,8,9
5013056,72,22,0,5
5013056,73,5,0,0
5013056,75,10,0,1
5013056,76,12,0,0
5013056,77,13,0,0
5013056,78,4,0,2
5013056,79,2,0,3
5013056,80,29,11,8
5013056,81,2,6,6
5013056,83,27,0,0
5013056,84,4,0,0
5013056,85,4,1,0
5013056,86,15,3,6
5013056,87,15,7,0
5013056,88,25,8,1
5013056,89,32,0,9
5013056,90,22,4,0
5013056,91,13,0,5
5013056,92,19,16,0
5013056,93,39,2,3
5013056,94,9,0,0
5013056,95,46,0,3
5013056,96,35,8,6
5013056,97,30,0,0
5013056,98,104,17,1
209144,2,60,0,0
209144,3,48,26,9
209144,4,52,0,8
209144,5,74,14,2
209144,6,121,13,1
209144,7,14,0,0
209144,8,156,13,11
209144,9,98,43,3
209144,10,145,9,0
209144,11,34,12,3
209144,12,12,0,0
209144,13,31,3,0
209144,14,15,0,0
209144,15,2,0,5
209144,16,97,16,0
209144,17,61,15,5
209144,18,127,22,0
209144,19,81,20,1
209144,20,88,0,0
209144,21,54,7,2
209144,22,121,4,7
209144,23,153,10,7
209144,24,96,0,22
209144,25,84,0,19
209144,26,82,9,21
209144,27,166,2,7
209144,28,72,0,11
209144,29,41,20,0
209144,30,57,24,0
209144,31,86,0,2
209144,32,70,0,12
209144,33,93,66,23
209144,34,76,20,2
209144,35,54,0,9
209144,36,68,7,4
209144,37,56,0,0
209144,38,5,0,0
209144,39,82,7,16
209144,40,53,0,3
209144,41,44,10,10
209144,42,88,0,20
209144,43,106,28,41
209144,44,8,0,56
209144,45,134,19,16
209144,46,0,4,0
209144,47,19,1,2
209144,48,46,20,1
209144,49,21,5,0
209144,50,8,0,11
209144,51,2,0,4
209144,52,10,4,3
209144,53,26,11,3
209144,55,16,39,4
209144,56,45,1,0
209144,57,111,0,11
209144,58,4,11,0
209144,59,81,6,6
209144,60,6,0,0
209144,61,81,4,2
209144,62,99,5,0
209144,63,171,12,0
209144,64,91,8,8
209144,65,114,6,21
209144,66,159,10,5
209144,67,97,27,12
209144,68,111,8,0
209144,69,37,3,10
209144,70,52,19,30
209144,71,109,1,17
209144,72,27,5,27
209144,73,76,4,8
209144,74,150,45,26
209144,75,95,5,61
209144,76,92,8,1
209144,77,65,11,24
209144,78,95,1,13
209144,79,35,0,0
209144,80,126,8,21
209144,81,15,0,0
209144,82,10,15,6
209144,83,80,9,0
209144,84,153,27,1
209144,85,56,15,0
209144,86,37,18,31
209144,87,88,9,0
209144,88,29,3,0
209144,89,84,0,40
209144,90,101,0,0
209144,91,132,5,41
209144,92,70,0,16
209144,93,24,2,1
209144,94,39,9,0
209144,95,44,6,2
209144,96,10,0,0
209144,97,12,8,10
209144,98,92,11,9
209144,100,10,0,2
209144,101,90,9,62
209144,102,143,26,25
209144,103,92,12,16
209144,104,138,6,35
209144,105,74,29,36
209144,106,127,2,25
209144,107,30,0,5
209144,108,47,20,23
209144,109,54,13,0
209144,110,13,0,4
6723592,1,1,0,0
6723592,2,6,0,0
6723592,3,37,7,6
6723592,4,22,5,0
6723592,5,59,7,5
6723592,6,31,12,5
6723592,7,22,5,3
6723592,8,29,4,6
6723592,9,36,5,24
6723592,10,58,3,0
6723592,12,16,0,0
6723592,13,66,6,14
6723592,14,82,0,4
6723592,15,87,5,6
6723592,16,151,9,0
6723592,17,64,5,11
6723592,18,90,15,5
6723592,19,26,6,8
6723592,20,16,0,0
6723592,21,124,8,10
6723592,22,147,13,0
6723592,23,54,23,0
6723592,24,111,27,11
6723592,25,139,15,0
6723592,26,63,16,3
6723592,27,51,18,0
6723592,28,166,17,11
6723592,29,76,18,8
6723592,30,84,38,17
6723592,31,62,30,18
6723592,32,17,1,0
6723592,33,36,9,0
6723592,34,144,11,5
6723592,35,90,11,8
6723592,36,135,8,6
6723592,37,116,13,36
6723592,38,77,0,0
6723592,39,49,11,0
6723592,40,13,0,0
6723592,41,6,0,0
6723592,42,7,0,0
6723592,43,6,0,0
6723592,44,7,5,4
6723592,47,29,7,7
6723592,48,122,11,18
6723592,49,102,9,4
6723592,50,80,11,27
6723592,51,155,12,18
6723592,52,35,9,7
6723592,53,41,13,0
6723592,54,78,13,16
6723592,55,88,13,15
6723592,56,11,3,0
6723592,57,59,10,3
6723592,58,48,8,13
6723592,59,90,10,3
6723592,60,45,0,16
6723592,61,86,0,7
6723592,62,53,0,0
6723592,63,80,23,7
6723592,64,20,0,15
6723592,66,10,3,6
6723592,67,118,16,4
6723592,68,111,0,7
6723592,69,67,0,6
6723592,70,78,21,7
6723592,71,32,7,19
6723592,72,16,4,8
6723592,73,16,0,0
6723592,74,13,0,0
6723592,75,6,0,9
6723592,77,4,0,0
6723592,78,35,0,4
6723592,79,8,0,8
6723592,80,32,0,0
6723592,81,10,1,0
6723592,82,26,9,0
6723592,83,83,19,17
6723592,84,46,1,0
6723592,85,100,4,13
6723592,86,120,0,22
6723592,87,140,9,2
6723592,88,106,16,11
6723592,89,167,10,10
6723592,90,46,3,7
6723592,93,21,0,7
6723592,94,20,0,18
6723592,95,148,6,4
6723592,96,76,0,24
6723592,97,106,8,6
6723592,98,98,9,23
6723592,99,43,1,26
6723592,100,39,13,0
6723592,101,5,0,0
6723592,103,6,0,0
6723592,105,70,3,0
6723592,106,109,3,11
6723592,107,116,15,24
6723592,108,133,0,26
6723592,109,108,13,17
6723592,110,86,12,7
6723592,111,44,8,45
6723592,112,131,16,30
6723592,113,68,8,38
6723592,114,102,10,6
6723592,115,120,7,16
6723592,116,78,4,0
6723592,117,91,9,7
6723592,118,115,7,44
6723592,119,52,3,0
6723592,120,5,0,0
6723592,121,34,7,5
6723592,123,51,15,6
6723592,124,17,0,5
6723592,125,43,0,0
6723592,126,31,4,7
6723592,127,72,5,5
6723592,128,8,15,0
6723592,129,74,3,9
6723592,130,91,7,18
6723592,131,81,9,24
6723592,132,42,13,0
6723592,133,24,18,0
6723592,134,28,3,10
6723592,135,59,1,3
6723592,136,17,10,20
6723592,137,10,0,3
6723592,138,33,6,5
6723592,139,54,19,3
6723592,140,78,3,10
6723592,141,91,21,2
6723592,142,89,7,1
6723592,143,94,2,14
372784,0,13,0,0
372784,1,11,4,4
372784,2,2,0,32
372784,3,37,0,7
372784,4,93,19,29
372784,5,81,7,22
372784,6,6,0,0
372784,8,10,0,15
372784,9,37,11,21
372784,10,62,10,4
372784,11,99,8,20
372784,12,0,5,0
372784,13,42,17,8
372784,14,11,4,0
372784,15,14,10,0
372784,16,51,3,18
372784,17,41,12,29
372784,18,49,0,31
372784,19,18,17,30
372784,20,72,14,37
372784,21,116,24,18
372784,22,41,17,0
372784,23,94,7,22
372784,24,74,30,21
372784,25,46,0,2
372784,26,111,31,6
372784,27,60,11,15
372784,28,59,0,4
372784,29,134,0,14
372784,30,53,7,0
372784,31,32,16,31
372784,32,15,11,48
372784,33,10,0,35
372784,34,10,0,19
372784,35,7,1,5
372784,36,39,22,30
372784,37,83,13,26
372784,38,29,10,0
372784,41,54,29,14
372784,42,96,33,22
372784,43,103,11,13
372784,44,33,20,7
372784,46,7,0,0
372784,47,110,22,17
372784,48,109,12,10
372784,49,101,21,0
372784,50,114,0,12
372784,51,74,11,8
372784,52,49,0,0
372784,53,77,7,9
372784,54,46,11,0
372784,55,14,8,9
372784,56,102,15,3
372784,57,77,0,0
372784,58,139,0,13
372784,59,4,0,10
372784,60,21,21,3
372784,61,3,12,1
372784,62,0,0,8
372784,63,2,3,5
372784,64,31,6,9
372784,65,29,0,9
372784,66,136,9,3
372784,67,113,15,7
372784,68,32,3,12
372784,69,78,36,2
372784,70,65,10,10
372784,71,107,6,15
372784,72,107,0,16
372784,73,79,0,12
372784,74,51,0,18
372784,75,108,0,8
372784,76,19,0,5
372784,77,21,0,0
372784,78,26,0,2
372784,79,12,3,8
372784,80,131,7,0
372784,81,134,17,4
372784,82,8,12,0
372784,83,65,20,11
372784,84,91,0,11
372784,85,85,23,0
372784,86,30,8,1
372784,87,51,12,5
372784,88,40,0,6
372784,89,43,0,0
372784,90,72,0,9
372784,91,10,0,3
372784,92,22,2,1
372784,93,24,2,3
372784,94,48,5,0
372784,95,12,0,0
372784,96,40,0,7
372784,97,16,9,0
372784,98,116,5,15
372784,99,75,13,10
372784,100,86,20,6
372784,101,47,15,3
372784,102,140,6,1
372784,103,54,19,4
372784,104,81,29,0
372784,105,84,10,5
372784,106,109,3,12
372784,107,79,19,27
372784,108,61,25,9
372784,109,65,0,3
372784,110,31,0,0
372784,111,79,5,11
372784,112,69,11,0
372784,113,25,0,7
372784,114,12,2,0
372784,115,115,0,13
372784,116,28,10,11
372784,117,38,0,3
372784,118,32,0,20
372784,119,4,0,0
372784,120,32,0,10
372784,121,19,0,1
372784,122,23,2,3
372784,123,31,18,7
372784,125,88,19,3
372784,126,33,17,17
372784,127,43,4,10
372784,128,14,11,11
372784,129,57,18,7
372784,130,54,0,5
154506,1,25,5,3
154506,2,110,0,2
154506,3,104,21,14
154506,4,72,0,6
154506,5,57,6,8
154506,6,13,1,0
154506,7,30,28,3
154506,8,118,33,17
154506,9,92,13,1
154506,10,14,18,0
154506,11,59,7,0
154506,12,157,21,0
154506,13,147,4,7
154506,14,140,0,11
154506,15,89,25,0
154506,16,127,24,20
154506,17,0,3,0
154506,18,95,18,9
154506,19,42,7,10
154506,20,109,22,10
154506,21,42,19,45
154506,22,81,16,5
154506,23,61,0,8
154506,24,182,0,9
154506,25,30,0,6
154506,26,39,3,0
154506,27,119,0,17
154506,31,49,4,0
154506,32,18,0,4
154506,33,15,8,0
154506,34,149,0,11
154506,35,129,7,15
154506,36,77,10,1
154506,37,97,3,0
154506,40,10,0,0
154506,41,114,16,13
154506,42,161,22,22
154506,43,93,1,10
154506,46,4,0,0
154506,47,103,13,0
154506,48,145,9,27
154506,49,13,0,0
154506,51,89,0,12
154506,52,128,17,6
154506,53,125,0,1
154506,54,71,22,0
154506,55,111,14,6
154506,56,20,0,8
154506,57,13,0,0
154506,58,167,30,6
154506,59,92,2,16
154506,60,8,0,0
154506,61,113,12,24
154506,62,143,0,14
154506,63,117,0,0
154506,64,96,0,0
154506,65,132,12,0
154506,66,113,0,24
154506,67,66,1,4
1375666,0,10,0,0
1375666,2,54,0,6
1375666,3,145,30,14
1375666,4,16,0,0
1375666,5,55,20,16
1375666,6,28,9,8
1375666,7,2,0,3
1375666,8,35,1,33
1375666,9,42,0,2
1375666,10,12,0,1
1375666,11,50,0,0
1375666,12,49,12,5
1375666,13,80,6,9
1375666,14,57,26,15
1375666,15,11,6,0
1375666,16,52,14,1
1375666,17,48,32,1
1375666,18,91,6,10
1375666,19,117,8,0
1375666,20,102,0,0
1375666,21,79,10,7
1375666,22,102,16,8
1375666,23,121,15,0
1375666,24,99,6,0
1375666,25,49,4,3
1375666,26,119,22,11
1375666,27,80,23,0
1375666,28,78,24,30
1375666,29,110,14,9
1375666,30,11,3,0
1375666,31,58,14,11
1375666,32,50,2,0
1375666,33,154,13,26
1375666,34,144,12,4
1375666,35,69,27,14
1375666,36,164,0,21
1375666,37,48,6,1
1375666,38,7,0,0
1375666,39,71,12,0
1375666,40,130,16,12
1375666,41,67,40,3
1375666,42,78,12,8
1375666,43,65,3,17
1375666,44,85,5,0
1375666,45,139,0,0
1375666,46,44,19,6
1375666,47,114,14,4
1375666,48,99,8,0
1375666,49,125,5,21
1375666,50,144,32,0
1375666,51,110,17,12
1375666,52,139,27,13
1375666,53,141,0,0
1375666,54,6,17,0
1375666,55,58,20,3
1375666,56,65,7,18
1375666,57,90,0,8
1375666,58,27,0,5
1375666,59,90,10,5
1375666,60,89,17,6
1375666,61,73,2,12
1375666,62,37,30,0
1375666,63,4,11,0
1375666,64,36,11,0
1375666,65,43,16,15
1375666,66,9,0,0
1375666,67,82,5,10
1375666,68,136,22,56
1375666,69,137,22,5
1375666,70,122,2,21
1375666,71,79,17,4
1375666,72,89,19,24
1375666,73,78,4,38
1375666,74,115,22,4
1375666,75,97,0,10
1375666,76,76,20,14
1375666,77,69,17,17
1375666,78,94,5,17
1375666,79,82,7,0
1375666,80,129,9,24
1375666,81,100,14,11
1375666,82,98,24,0
1375666,83,32,13,9
1375666,84,121,7,4
1375666,85,83,14,18
1375666,86,112,15,10
1375666,87,74,24,9
1375666,88,43,10,0
1375666,89,89,9,0
1375666,90,57,19,0
1375666,91,85,10,18
1375666,92,104,22,0
1375666,93,150,20,0
1375666,94,57,18,2
1375666,95,105,0,21
1375666,96,95,10,16
1375666,97,29,28,0
1375666,100,49,5,0
1375666,101,67,0,0
1375666,102,4,4,9
1375666,103,84,0,5
1375666,104,47,5,0
1375666,105,0,0,1
1375666,106,39,0,12
1375666,107,41,2,10
1375666,108,23,0,0
1375666,109,2,37,0
1375666,110,24,0,0
1375666,111,19,0,3
1375666,112,28,0,0
1375666,113,95,4,11
1375666,114,126,11,0
1375666,115,16,0,0
1375666,116,9,15,3
1375666,117,20,0,0
1375666,118,80,7,3
1375666,119,53,0,6
1375666,120,66,2,17
1375666,121,53,0,7
1375666,122,63,7,34
1375666,123,86,11,9
1375666,124,65,0,6
1375666,125,44,0,19
1375666,126,6,0,0
1375666,127,99,0,7
1375666,128,45,28,3
1375666,129,15,0,9
1375666,130,7,0,4
1375666,131,10,0,0
1375666,132,27,1,2
1375666,133,32,0,3
1375666,134,30,0,0
1375666,135,21,0,14
1375666,136,29,14,7
1375666,137,43,2,0
1375666,138,0,3,4
1375666,139,2,1,0
1375666,140,64,0,0
278504,4,40,4,0
278504,5,85,10,0
278504,6,109,9,0
278504,7,107,15,6
278504,8,103,0,10
278504,9,89,19,0
278504,10,77,15,0
278504,11,45,45,4
278504,12,72,18,7
278504,13,123,6,4
278504,14,97,9,21
278504,15,109,0,14
278504,16,8,6,12
278504,17,79,0,8
278504,18,58,48,12
278504,19,83,0,31
278504,20,76,2,11
278504,21,69,6,0
278504,22,91,6,25
278504,23,93,3,5
278504,24,50,15,0
278504,25,17,0,3
278504,26,5,0,0
278504,27,0,4,0
278504,28,42,0,7
278504,29,40,0,1
278504,30,86,0,19
278504,31,66,7,7
278504,32,43,3,26
278504,33,36,17,0
278504,35,22,20,16
278504,37,36,0,0
278504,38,80,20,11
278504,39,114,0,0
278504,40,83,8,22
278504,41,85,16,6
278504,42,76,11,7
278504,45,19,15,0
278504,46,44,0,10
278504,47,47,9,7
278504,48,6,0,0
278504,49,118,0,0
278504,50,77,0,20
278504,51,74,11,0
278504,52,54,15,11
278504,53,80,36,12
278504,54,46,33,41
278504,55,89,35,5
278504,56,67,27,0
278504,57,121,0,11
278504,58,62,1,20
278504,60,2,0,0
278504,64,25,0,14
278504,65,102,11,23
278504,66,36,0,0
278504,67,37,8,7
278504,68,71,25,6
278504,69,104,9,9
278504,70,68,16,46
278504,71,75,19,15
278504,72,99,25,9
278504,73,104,13,0
278504,74,41,10,9
278504,75,11,0,10
278504,76,100,21,32
278504,77,69,33,18
278504,78,34,62,18
278504,79,69,15,19
278504,80,105,0,0
278504,81,122,20,0
278504,82,85,11,40
278504,83,104,0,20
278504,84,48,44,23
278504,85,73,20,11
278504,86,24,9,0
278504,87,25,6,5
278504,88,24,4,0
278504,89,57,0,22
278504,90,51,0,17
278504,91,87,11,9
278504,92,43,8,35
278504,93,100,8,23
278504,94,27,6,8
278504,95,88,16,16
278504,96,39,26,1
278504,98,29,11,5
278504,99,111,0,10
278504,100,90,0,3
278504,101,115,0,0
278504,102,39,1,0
278504,104,30,4,10
278504,105,30,0,0
278504,106,45,0,0
278504,107,76,6,11
278504,108,58,0,6
278504,109,16,3,6
278504,110,6,0,0
278504,111,14,0,0
278504,112,32,4,3
816692,1,45,6,7
816692,2,71,0,10
816692,3,107,3,20
816692,4,124,0,0
816692,5,97,0,6
816692,6,61,1,0
816692,7,55,3,0
816692,8,55,2,6
816692,9,91,15,8
816692,10,146,0,6
816692,11,109,28,10
816692,12,153,10,8
816692,13,67,0,4
816692,14,39,0,0
816692,15,95,1,3
816692,16,106,12,13
816692,17,94,27,11
816692,18,20,0,0
816692,19,16,0,2
816692,20,0,0,4
816692,21,27,12,0
816692,22,62,9,0
816692,23,3,0,0
816692,24,33,0,0
816692,25,130,4,3
816692,26,115,31,0
816692,27,106,18,0
816692,28,81,0,23
816692,29,115,4,0
816692,30,142,0,10
816692,31,73,14,4
816692,32,137,0,0
816692,33,112,4,1
816692,34,117,7,5
816692,35,57,20,8
816692,36,100,5,7
816692,37,87,0,12
816692,38,75,0,0
816692,39,93,0,0
816692,40,36,15,0
816692,41,51,9,0
816692,42,41,19,4
816692,43,74,21,0
816692,44,69,13,0
816692,45,18,7,0
816692,46,8,7,0
816692,47,23,10,0
816692,48,42,18,1
816692,49,75,22,8
816692,50,48,15,19
816692,51,82,35,4
816692,52,86,15,18
816692,53,80,19,0
816692,54,80,18,0
816692,55,39,12,2
816692,56,67,0,0
816692,57,76,8,6
816692,58,129,13,0
816692,59,25,0,5
816692,60,33,0,3
816692,61,8,0,3
816692,62,145,0,8
816692,63,154,0,2
816692,64,177,11,0
816692,65,93,10,5
816692,66,76,9,0
816692,67,91,0,10
816692,68,21,6,1
816692,69,39,0,3
816692,70,58,0,14
816692,71,47,11,1
816692,72,13,0,2
816692,73,77,0,2
816692,74,121,11,6
816692,75,111,5,7
816692,76,86,13,3
816692,77,23,0,0
816692,78,87,12,0
816692,79,85,0,7
816692,80,57,10,21
816692,81,40,7,14
816692,82,84,0,0
816692,83,119,3,0
816692,84,105,0,0
816692,85,112,11,2
816692,86,104,21,8
816692,87,91,33,0
816692,88,68,12,6
816692,89,80,8,0
816692,90,53,6,10
816692,91,80,19,0
816692,92,36,20,8
816692,93,15,5,28
816692,94,23,0,2
816692,97,30,6,0
816692,98,52,10,13
816692,99,118,6,0
816692,100,69,18,26
816692,101,53,3,9
816692,102,122,4,6
816692,103,109,23,9
816692,104,42,28,14
816692,105,61,14,26
816692,106,133,11,0
816692,107,172,9,0
816692,108,82,18,0
816692,109,39,20,0
816692,110,79,14,2
816692,111,58,7,13
816692,112,98,0,11
816692,113,57,11,4
816692,114,68,0,10
816692,115,49,14,0
816692,116,56,13,3
816692,117,29,12,8
816692,118,63,0,0
816692,119,19,0,0
816692,120,52,0,6
816692,121,51,5,9
816692,122,57,3,0
816692,123,19,0,0
816692,124,5,0,0
816692,125,16,0,2
816692,126,69,0,7
816692,127,63,3,0
816692,128,45,4,0
816692,129,33,8,0
816692,130,18,2,0
816692,131,28,6,5
816692,132,43,0,0
816692,133,118,1,8
816692,134,112,18,18
816692,135,25,2,5
816692,136,54,0,2
816692,137,41,17,0
816692,138,65,1,0
816692,139,16,0,0
816692,140,2,0,0
816692,141,1,0,0
816692,142,8,0,3
816692,143,19,0,5
816692,144,32,0,2
816692,145,24,0,3
816692,146,12,3,7
816692,147,94,21,8
816692,148,87,0,0
816692,149,48,0,0
816692,150,87,15,6
816692,151,59,0,4
816692,152,19,0,0
816692,153,67,0,0
816692,154,13,0,0
816692,155,37,9,0
816692,156,93,15,4
816692,157,100,13,0
816692,158,49,36,15
816692,159,58,14,7
816692,160,25,6,4
816692,161,22,10,13
816692,162,16,0,5
816692,163,11,0,0
468569,1,53,0,15
468569,2,50,22,21
468569,3,31,1,18
468569,4,86,15,16
468569,5,71,2,0
468569,6,80,12,12
468569,7,98,5,2
468569,8,29,4,9
468569,10,46,9,6
468569,11,79,15,8
468569,12,84,9,19
468569,13,103,23,0
468569,14,103,21,19
468569,15,124,22,17
468569,16,99,14,10
468569,17,111,59,10
468569,18,90,19,15
468569,19,128,16,7
468569,20,177,10,12
468569,21,91,0,5
468569,22,154,0,13
468569,23,64,14,12
468569,24,88,0,17
468569,25,107,4,17
468569,26,112,0,0
468569,27,126,15,13
468569,28,103,13,0
468569,29,48,0,4
468569,30,73,15,4
468569,31,52,12,3
468569,32,129,17,0
468569,33,76,14,5
468569,37,36,0,0
468569,38,85,28,20
468569,39,98,25,5
468569,40,96,12,28
468569,41,85,8,0
468569,42,99,31,4
468569,43,76,0,0
468569,44,106,7,0
468569,45,122,7,0
468569,46,112,9,0
468569,47,138,15,4
468569,48,70,0,6
468569,49,58,8,0
468569,50,51,17,18
468569,51,89,15,10
468569,52,21,0,8
468569,53,137,7,11
468569,54,133,4,15
468569,55,33,0,0
468569,56,52,0,9
468569,57,112,7,0
468569,58,61,7,1
468569,59,114,2,6
468569,60,33,0,0
468569,61,100,7,0
468569,62,32,4,0
468569,63,43,8,15
468569,64,70,3,1
468569,65,63,51,0
468569,66,112,5,0
468569,67,70,24,13
468569,68,96,0,16
468569,69,47,5,0
468569,70,103,0,19
468569,71,75,19,43
468569,72,78,15,14
468569,73,106,32,5
468569,74,49,5,5
468569,75,30,0,4
468569,76,27,0,7
468569,77,9,0,0
468569,78,25,7,5
468569,79,29,4,0
468569,80,4,7,0
468569,81,38,0,2
468569,82,60,12,8
468569,83,77,24,7
468569,84,63,9,23
468569,85,25,8,0
468569,86,75,0,12
468569,87,83,4,13
468569,88,96,13,10
468569,89,99,11,10
468569,90,77,0,7
468569,91,44,30,22
468569,92,118,4,2
468569,93,61,19,0
468569,94,46,10,20
468569,95,66,5,6
468569,96,31,0,0
468569,97,69,35,0
468569,98,65,32,15
468569,99,32,5,1
468569,100,67,0,17
468569,101,66,3,15
468569,102,92,3,6
468569,103,116,37,1
468569,104,133,7,5
468569,105,70,13,0
468569,106,50,15,0
468569,107,37,3,0
468569,108,114,5,4
468569,109,105,11,6
468569,110,44,2,21
468569,111,53,0,0
468569,112,4,0,0
468569,113,153,6,13
468569,114,44,12,0
468569,115,76,6,17
468569,116,126,0,8
468569,117,102,0,0
468569,118,81,19,13
468569,119,51,6,0
468569,120,47,32,2
468569,121,100,4,2
468569,122,109,17,0
468569,123,146,9,0
468569,124,100,32,0
468569,125,52,9,7
468569,126,40,0,18
468569,127,51,1,8
468569,128,39,0,18
468569,129,31,0,0
468569,130,53,4,15
468569,131,36,7,11
468569,132,36,5,10
468569,133,42,17,0
468569,134,104,10,5
468569,135,34,10,5
468569,136,71,16,33
468569,137,54,30,18
468569,138,52,19,30
468569,139,24,5,14
468569,140,0,16,0
468569,141,38,28,14
468569,142,66,20,12
468569,143,37,13,0
468569,144,15,5,0
1345836,1,46,26,11
1345836,2,70,8,5
1345836,3,52,5,24
1345836,4,18,6,0
1345836,5,18,0,5
1345836,6,49,4,15
1345836,7,141,20,6
1345836,8,58,2,10
1345836,9,122,0,0
1345836,10,115,14,12
1345836,11,56,7,9
1345836,12,67,8,0
1345836,13,127,0,23
1345836,14,58,0,0
1345836,15,124,2,0
1345836,16,148,0,20
1345836,17,93,17,0
1345836,18,136,0,0
1345836,19,47,11,0
1345836,20,36,31,12
1345836,21,34,18,0
1345836,22,29,10,0
1345836,23,44,0,0
1345836,24,15,0,4
1345836,25,35,8,15
1345836,26,78,4,0
1345836,27,107,0,20
1345836,28,111,14,23
1345836,29,123,9,9
1345836,30,102,4,0
1345836,31,57,0,19
1345836,32,99,22,0
1345836,33,81,26,10
1345836,34,147,14,16
1345836,35,127,26,6
1345836,36,75,0,19
1345836,37,87,26,0
1345836,38,107,9,8
1345836,39,49,5,29
1345836,40,143,0,11
1345836,41,42,0,14
1345836,42,23,0,0
1345836,43,105,6,9
1345836,44,58,2,2
1345836,45,36,8,6
1345836,46,40,4,6
1345836,47,83,11,15
1345836,48,34,6,12
1345836,49,10,0,8
1345836,50,8,7,15
1345836,51,41,19,22
1345836,52,78,13,5
1345836,53,23,0,13
1345836,54,16,2,0
1345836,55,48,22,13
1345836,56,184,5,0
1345836,57,130,0,4
1345836,58,83,0,30
1345836,59,39,10,0
1345836,60,141,0,0
1345836,61,92,20,8
1345836,62,89,44,5
1345836,63,132,0,14
1345836,64,98,0,12
1345836,65,139,12,4
1345836,66,91,46,1
1345836,67,95,8,4
1345836,68,23,0,0
1345836,69,33,24,10
1345836,70,46,9,15
1345836,71,18,0,26
1345836,72,0,6,4
1345836,73,48,0,10
1345836,74,56,8,9
1345836,75,11,11,0
1345836,76,41,4,6
1345836,77,72,4,4
1345836,78,34,22,35
1345836,79,41,0,54
1345836,80,91,7,8
1345836,81,83,11,14
1345836,82,31,15,6
1345836,83,18,0,4
1345836,84,31,0,10
1345836,85,95,0,10
1345836,86,92,5,2
1345836,87,100,8,5
1345836,88,38,20,4
1345836,89,4,0,0
1345836,90,14,2,0
1345836,91,28,0,0
1345836,92,42,9,4
1345836,93,71,13,14
1345836,94,41,7,0
1345836,95,64,8,27
1345836,96,77,0,24
1345836,97,84,13,9
1345836,98,60,23,37
1345836,99,66,24,14
1345836,100,41,4,0
1345836,101,30,17,6
1345836,102,78,21,26
1345836,103,63,17,0
1345836,104,46,15,6
1345836,105,33,17,11
1345836,106,32,0,0
1345836,107,53,5,0
1345836,108,19,5,11
1345836,109,102,24,0
1345836,110,174,0,0
1345836,111,136,4,10
1345836,112,44,0,5
1345836,113,39,20,7
1345836,114,24,17,27
1345836,115,20,0,8
1345836,117,61,6,15
1345836,118,79,0,13
1345836,119,175,9,0
1345836,120,76,7,7
1345836,121,88,42,19
1345836,122,71,3,25
1345836,123,105,8,3
1345836,124,86,5,5
1345836,125,22,3,0
1345836,126,15,0,3
1345836,127,50,0,10
1345836,128,32,14,10
1345836,129,102,10,14
1345836,130,37,2,0
1345836,131,8,0,7
1345836,132,0,5,0
1345836,133,2,0,21
1345836,134,85,0,0
1345836,136,51,0,19
1345836,137,33,0,24
1345836,138,52,8,27
1345836,139,0,24,27
1345836,140,53,3,8
1345836,141,83,13,14
1345836,142,14,12,22
1345836,143,49,0,9
1345836,144,53,10,9
1345836,145,24,0,0
1345836,146,7,2,0
1345836,147,8,13,4
1345836,148,54,0,34
1345836,149,48,5,10
1345836,150,10,0,0
1345836,151,22,18,0
1345836,152,50,3,6
1345836,153,80,0,4
1345836,154,124,2,6
1345836,155,22,6,0
482571,0,4,0,0
482571,1,70,3,0
482571,2,59,0,5
482571,3,114,0,8
482571,4,142,6,11
482571,5,74,6,0
482571,6,127,29,10
482571,7,94,10,0
482571,8,40,8,0
482571,9,62,4,0
482571,10,54,6,0
482571,11,102,13,0
482571,12,19,9,2
482571,13,94,0,12
482571,14,140,35,21
482571,15,158,10,13
482571,16,49,5,8
482571,17,108,19,0
482571,18,21,0,16
482571,19,36,0,5
482571,20,80,14,0
482571,21,51,0,0
482571,22,51,41,28
482571,23,40,26,4
482571,24,1,0,0
482571,25,4,0,3
482571,26,53,5,6
482571,27,112,7,2
482571,28,88,22,16
482571,29,65,19,23
482571,30,53,16,5
482571,31,28,0,11
482571,32,39,1,9
482571,33,104,4,25
482571,34,90,0,2
482571,35,86,19,15
482571,36,76,34,0
482571,37,45,36,0
482571,38,92,28,10
482571,39,54,9,13
482571,40,122,19,0
482571,41,89,22,0
482571,42,98,38,2
482571,43,68,18,0
482571,44,110,13,0
482571,45,58,27,0
482571,46,18,26,4
482571,47,92,15,4
482571,48,75,4,5
482571,49,26,13,0
482571,50,84,10,0
482571,51,116,18,11
482571,52,74,7,3
482571,53,85,7,4
482571,54,85,28,5
482571,55,149,13,0
482571,56,71,29,4
482571,57,71,15,8
482571,58,56,11,9
482571,59,105,28,7
482571,60,58,2,6
482571,61,89,41,22
482571,62,99,25,15
482571,63,54,13,9
482571,64,73,30,35
482571,65,113,17,22
482571,66,114,39,13
482571,67,106,13,4
482571,68,41,23,8
482571,69,17,8,0
482571,70,114,18,26
482571,71,139,0,21
482571,72,27,7,10
482571,73,19,3,0
482571,75,73,9,5
482571,76,81,6,0
482571,77,66,13,2
482571,78,110,36,0
482571,79,24,26,20
482571,80,107,20,2
482571,81,111,29,5
482571,82,82,24,7
482571,83,140,0,7
482571,84,62,14,0
482571,85,3,0,0
482571,86,122,17,4
482571,87,67,46,0
482571,88,64,25,0
482571,89,35,7,0
482571,90,81,15,10
482571,91,62,29,3
482571,92,99,8,15
482571,93,73,44,4
482571,94,2,6,1
482571,95,2,0,0
482571,96,98,30,12
482571,97,58,30,0
482571,98,93,18,10
482571,99,82,19,0
482571,100,85,0,17
482571,101,52,11,0
482571,102,5,0,0
482571,103,54,14,0
482571,104,28,4,12
482571,105,37,11,0
482571,106,1,0,3
482571,107,19,0,36
482571,108,120,11,0
482571,109,88,13,16
482571,110,110,8,13
482571,111,72,38,36
482571,112,66,5,0
482571,113,74,0,4
482571,114,30,6,15
482571,115,4,0,0
482571,116,24,8,8
482571,117,22,0,9
482571,118,21,0,1
482571,119,71,11,1
482571,120,47,8,5
482571,121,61,3,3
482571,122,38,10,17
482571,123,65,0,0
482571,124,33,0,5
8323120,0,0,2,0
8323120,1,55,25,2
8323120,2,51,28,31
8323120,3,37,0,0
8323120,4,48,7,0
8323120,5,20,19,12
8323120,7,23,3,4
8323120,8,85,7,13
8323120,9,66,0,9
8323120,10,55,4,7
8323120,11,64,22,10
8323120,12,53,36,12
8323120,13,33,13,12
8323120,14,4,7,8
8323120,15,67,16,6
8323120,16,35,8,7
8323120,17,103,8,1
8323120,18,75,0,13
8323120,19,46,0,0
8323120,20,45,17,5
8323120,21,41,0,0
8323120,22,32,40,4
8323120,23,61,4,18
8323120,24,14,1,7
8323120,25,55,5,4
8323120,26,72,22,14
8323120,27,53,19,8
8323120,28,63,2,2
8323120,29,31,13,20
8323120,30,58,1,13
8323120,31,55,27,23
8323120,32,87,13,0
8323120,33,62,8,7
8323120,34,44,5,20
8323120,35,4,0,0
8323120,36,47,5,4
8323120,37,55,18,8
8323120,38,54,11,24
8323120,39,19,8,0
8323120,40,8,18,11
8323120,41,53,16,14
8323120,42,42,0,18
8323120,43,61,23,8
8323120,44,42,12,22
8323120,45,33,3,9
8323120,46,29,0,3
8323120,47,36,10,0
8323120,48,19,18,0
8323120,49,65,14,3
8323120,50,65,6,26
8323120,51,49,0,41
8323120,52,21,21,41
8323120,53,45,9,25
8323120,54,47,16,22
8323120,57,3,0,0
8323120,58,39,19,17
8323120,59,42,4,0
8323120,60,63,22,14
8323120,61,47,5,4
8323120,62,26,15,11
8323120,63,65,0,2
8323120,64,8,0,0
8323120,65,43,1,7
8323120,66,31,16,13
8323120,67,26,5,0
8323120,68,67,8,11
8323120,69,58,3,4
8323120,70,69,10,17
8323120,71,43,8,9
8323120,72,23,0,9
8323120,73,11,3,1
8323120,74,50,9,18
8323120,75,60,5,10
8323120,76,53,10,6
8323120,78,62,3,0
8323120,79,34,10,9
8323120,81,10,0,9
8323120,82,24,9,10
8323120,83,34,18,0
8323120,84,42,0,3
8323120,85,75,40,4
8323120,86,61,15,5
8323120,87,18,16,0
8323120,88,15,23,4
8323120,89,26,22,0
8323120,90,75,16,11
8323120,91,51,21,2
8323120,92,54,12,6
8323120,93,53,20,11
8323120,94,40,10,17
8323120,95,42,3,3
8323120,96,24,10,13
8323120,97,39,16,11
8323120,98,61,8,2
8323120,99,17,12,1
8323120,100,57,25,9
8323120,101,77,3,1
8323120,102,14,18,0
8075192,1,1,0,0
8075192,2,1,0,0
8075192,3,57,14,0
8075192,4,41,1,2
8075192,5,80,0,12
8075192,6,74,0,4
8075192,7,58,6,14
8075192,8,46,0,13
8075192,9,30,0,8
8075192,10,26,0,4
8075192,11,35,0,0
8075192,12,33,6,0
8075192,13,57,0,2
8075192,14,27,3,0
8075192,15,44,14,22
8075192,16,23,0,0
8075192,17,18,4,14
8075192,18,66,15,0
8075192,19,43,4,2
8075192,20,48,20,12
8075192,21,55,18,25
8075192,22,19,18,4
8075192,23,64,14,12
8075192,24,53,15,0
8075192,25,41,15,22
8075192,26,57,22,4
8075192,27,77,23,5
8075192,28,35,7,5
8075192,29,10,1,0
8075192,30,42,5,0
8075192,31,36,24,20
8075192,32,98,0,4
8075192,33,56,23,7
8075192,34,36,0,29
8075192,35,36,0,13
8075192,36,57,17,3
8075192,37,50,14,0
8075192,38,27,0,1
8075192,39,96,1,5
8075192,40,66,0,27
8075192,41,35,32,5
8075192,42,12,16,3
8075192,43,38,16,4
8075192,44,14,4,7
8075192,45,42,7,3
8075192,46,39,20,9
8075192,47,50,0,0
8075192,48,54,9,2
8075192,49,15,18,0
8075192,50,9,24,10
8075192,51,9,1,3
8075192,52,29,0,1
8075192,53,23,0,12
8075192,54,50,9,15
8075192,55,23,11,8
8075192,56,67,7,0
8075192,57,25,17,16
8075192,58,32,15,0
8075192,59,52,5,1
8075192,60,6,0,7
8075192,61,31,1,3
8075192,62,46,3,10
8075192,63,13,3,0
8075192,64,24,0,0
8075192,65,36,17,12
8075192,66,42,4,4
8075192,67,74,12,10
8075192,68,83,19,4
8075192,69,77,16,35
8075192,70,60,0,2
8075192,71,44,0,2
8075192,72,22,14,0
8075192,73,30,12,13
8075192,74,48,3,0
8075192,75,20,2,0
8075192,76,22,0,3
8075192,77,43,0,5
8075192,78,42,0,12
8075192,79,19,1,0
8075192,80,29,10,6
8075192,81,27,0,0
8075192,82,33,17,7
8075192,83,42,3,5
8075192,84,36,23,15
8075192,85,13,14,4
8075192,86,5,16,14
8075192,87,11,2,4
8075192,88,4,0,0
8075192,89,5,0,0
8075192,90,117,7,7
8075192,91,32,14,0
8075192,92,52,1,7
8075192,93,31,10,27
8075192,94,65,14,9
8075192,95,49,9,6
8075192,96,39,0,2
8075192,97,58,4,16
8075192,98,33,4,0
8075192,99,45,10,0
8075192,100,22,1,0
8075192,101,34,0,2
8075192,102,51,5,0
8075192,103,16,0,9
8075192,104,4,0,0
8075192,105,6,0,0
8075192,106,89,6,0
8075192,107,49,11,11
8075192,108,52,11,0
8075192,109,10,7,1
8075192,110,36,13,6
8075192,111,11,3,0
8075192,112,16,0,0
8075192,113,15,3,2
8075192,114,35,0,0
8075192,115,5,0,0
8075192,116,27,0,0
6410564,1,0,0,3
6410564,2,4,0,2
6410564,3,63,7,29
6410564,4,41,13,33
6410564,5,40,12,34
6410564,6,77,11,14
6410564,7,79,16,8
6410564,8,77,10,4
6410564,9,6,2,0
6410564,10,13,1,0
6410564,11,26,27,11
6410564,12,57,14,25
6410564,13,60,11,5
6410564,14,3,13,6
6410564,15,30,9,35
6410564,16,43,26,27
6410564,17,45,20,57
6410564,18,14,8,45
6410564,19,51,0,14
6410564,20,53,12,17
6410564,21,14,10,7
6410564,22,39,11,3
6410564,23,62,16,0
6410564,24,53,10,19
6410564,25,54,7,29
6410564,26,84,5,39
6410564,27,92,0,34
6410564,28,44,30,25
6410564,29,73,11,32
6410564,30,69,20,14
6410564,31,91,23,14
6410564,32,38,12,0
6410564,33,29,9,5
6410564,34,38,9,2
6410564,35,56,5,7
6410564,36,15,25,0
6410564,37,19,0,1
6410564,38,37,10,3
6410564,39,70,2,12
6410564,40,4,0,0
6410564,41,37,0,22
6410564,42,83,16,20
6410564,43,63,17,7
6410564,44,35,13,35
6410564,45,69,4,23
6410564,46,62,3,0
6410564,47,34,0,0
6410564,48,63,8,1
6410564,49,37,1,38
6410564,50,52,12,8
6410564,51,50,7,13
6410564,52,86,0,27
6410564,53,62,7,17
6410564,54,65,2,11
6410564,55,25,4,14
6410564,56,29,3,10
6410564,57,35,1,0
6410564,58,33,10,7
6410564,59,23,0,12
6410564,60,38,13,10
6410564,61,36,8,0
6410564,62,34,17,14
6410564,63,43,33,0
6410564,64,24,2,1
6410564,65,20,0,6
6410564,66,21,9,12
6410564,67,8,0,13
6410564,68,61,13,7
6410564,69,34,16,2
6410564,70,34,1,2
6410564,71,31,35,0
6410564,72,22,5,2
6410564,73,12,0,0
6410564,74,38,1,12
6410564,75,63,11,26
6410564,76,73,0,14
6410564,77,77,13,11
6410564,78,31,2,11
6410564,79,54,5,0
6410564,80,69,13,6
6410564,81,45,9,4
6410564,82,5,14,1
6410564,83,53,0,2
6410564,84,22,3,4
6410564,86,32,0,0
6410564,87,53,0,9
6410564,88,33,16,17
6410564,89,56,12,17
6410564,90,32,0,3
6410564,91,26,27,7
6410564,92,40,2,30
6410564,93,37,18,0
6410564,94,27,5,18
6410564,95,28,5,0
6410564,96,13,7,12
6410564,97,18,2,12
6410564,98,40,23,45
6410564,99,47,5,14
6410564,100,12,14,5
6410564,101,11,24,2
6410564,102,15,10,26
6410564,103,48,1,11
6410564,104,93,12,29
6410564,105,78,10,3
6410564,106,50,7,0
6410564,107,58,10,0
6410564,108,18,0,4
6410564,109,5,5,0
6410564,110,42,6,68
6410564,111,7,2,0
6410564,112,0,0,2
6410564,113,9,10,0
6410564,115,38,1,0
6410564,116,36,0,15
6410564,117,21,14,12
6410564,118,14,25,3
6410564,119,21,0,8
2331143,0,48,12,6
2331143,1,50,8,9
2331143,2,15,10,3
2331143,3,43,35,0
2331143,4,75,36,5
2331143,5,72,1,0
2331143,6,78,4,5
2331143,7,28,10,7
2331143,8,64,31,29
2331143,9,73,18,0
2331143,10,69,7,4
2331143,11,55,21,4
2331143,12,41,13,1
2331143,13,21,0,0
2331143,14,44,0,0
2331143,15,23,0,5
2331143,16,75,30,3
2331143,17,70,20,8
2331143,18,97,0,0
2331143,19,83,21,3
2331143,20,13,0,0
2331143,21,74,0,4
2331143,22,37,12,12
2331143,23,81,20,2
2331143,24,32,28,0
2331143,25,56,24,0
2331143,26,14,18,11
2331143,27,48,0,3
2331143,28,101,10,13
2331143,29,110,6,14
2331143,30,122,1,0
2331143,31,34,0,0
2331143,32,38,6,2
2331143,33,41,23,0
2331143,34,9,9,4
2331143,35,1,3,0
2331143,36,97,2,0
2331143,37,40,15,0
2331143,38,45,15,4
2331143,39,4,0,0
2331143,40,37,20,1
2331143,41,21,6,0
2331143,42,25,11,0
2331143,43,93,12,3
2331143,44,42,20,2
2331143,45,44,3,4
2331143,46,50,8,17
2331143,47,54,14,16
2331143,48,91,21,8
2331143,49,79,24,0
2331143,50,32,1,7
2331143,51,47,0,8
2331143,52,110,10,0
2331143,53,89,4,0
2331143,54,90,13,4
2331143,55,86,10,0
2331143,56,86,21,16
2331143,57,99,0,18
2331143,58,76,12,0
2331143,59,65,30,13
2331143,60,51,8,53
2331143,61,61,11,0
2331143,62,75,25,9
2331143,63,64,18,11
2331143,64,80,9,0
2331143,65,72,13,11
2331143,66,93,23,0
2331143,67,38,35,0
2331143,68,19,22,10
2331143,69,25,16,10
2331143,70,38,6,0
2331143,71,41,20,3
2331143,72,43,10,0
2331143,73,44,12,6
2331143,74,66,4,13
2331143,75,50,2,5
2331143,76,11,14,11
2331143,77,70,16,0
2331143,78,13,3,0
2331143,79,28,0,0
2331143,80,83,1,0
2331143,81,72,0,2
2331143,82,35,5,1
2331143,83,32,5,4
2331143,84,41,17,0
2331143,85,57,5,8
2331143,86,29,0,8
2331143,87,15,7,5
2331143,88,20,1,6
2331143,89,80,19,4
2331143,90,22,11,5
2331143,91,9,0,0
2331143,92,44,6,0
2331143,94,20,28,5
2331143,95,28,19,12
2331143,96,11,0,8
2331143,97,49,0,1
2331143,98,74,2,0
2331143,99,28,6,8
2331143,100,20,0,0
2331143,101,11,0,0
2331143,102,68,19,24
2331143,103,12,0,7
2331143,104,21,8,3
2331143,105,7,3,0
2331143,106,31,11,7
2331143,107,14,3,2
2331143,108,23,5,2
2331143,109,5,0,16
2331143,111,5,6,0
2331143,112,18,1,0
2331143,113,42,8,13
2331143,114,25,0,3
2331143,115,4,1,0
2331143,116,21,1,0
165078,0,68,9,9
165078,1,53,5,0
165078,2,34,14,0
165078,3,44,0,0
165078,4,42,4,3
165078,5,75,31,8
165078,6,70,12,5
165078,7,65,21,6
165078,8,34,4,20
165078,9,4,0,0
165078,10,83,11,3
165078,11,29,10,12
165078,12,21,0,4
165078,13,99,13,8
165078,14,102,14,0
165078,15,99,0,17
165078,16,102,6,0
165078,17,104,24,0
165078,18,33,8,0
165078,19,114,4,0
165078,20,96,22,0
165078,21,74,0,0
165078,22,83,21,2
165078,23,121,8,7
165078,24,28,0,0
165078,25,65,13,0
165078,26,93,10,2
165078,27,92,3,1
165078,28,98,16,0
165078,29,84,11,3
165078,30,35,5,0
165078,31,52,3,0
165078,32,64,39,0
165078,33,93,25,0
165078,34,45,6,0
165078,35,43,19,6
165078,36,82,15,0
165078,37,87,22,0
165078,38,101,11,0
165078,39,64,10,0
165078,40,72,32,13
165078,41,65,11,0
165078,42,72,15,7
165078,43,88,0,1
165078,44,39,9,1
165078,45,33,6,3
165078,46,69,3,17
165078,47,11,11,4
165078,48,32,15,0
165078,49,1,0,0
165078,50,39,46,5
165078,51,44,9,19
165078,52,62,3,4
165078,53,92,7,0
165078,54,32,15,0
165078,55,80,9,6
165078,56,52,17,0
165078,57,51,25,0
165078,58,63,14,12
165078,59,67,6,7
165078,60,46,4,9
165078,61,6,3,0
165078,65,53,27,6
165078,66,53,11,21
165078,67,108,5,5
165078,68,71,19,4
165078,69,14,15,11
165078,70,41,5,4
165078,71,32,12,0
165078,72,12,0,0
165078,73,7,12,0
165078,74,87,0,2
165078,75,46,33,7
165078,76,17,26,12
165078,77,66,10,8
165078,78,76,16,9
165078,79,10,4,0
165078,80,53,16,0
165078,81,64,0,0
165078,82,56,8,0
165078,83,26,28,0
165078,84,88,4,0
165078,85,58,19,17
165078,86,19,4,0
165078,87,48,38,0
165078,88,55,25,0
165078,89,43,12,0
165078,90,15,11,0
165078,92,31,7,0
165078,93,12,5,0
165078,95,43,7,33
165078,96,65,21,0
165078,97,49,25,0
165078,98,9,0,0
165078,99,13,0,0
165078,100,4,0,3
165078,104,20,0,0
165078,105,16,14,6
165078,106,41,4,1
165078,107,31,3,0
165078,108,29,20,0
165078,109,19,0,1
165078,111,47,6,7
165078,112,62,27,1
165078,113,37,9,0
165078,114,14,18,0
165078,115,43,11,0
165078,118,3,0,0
408664,0,24,0,0
408664,1,75,23,0
408664,2,30,15,8
408664,3,65,11,0
408664,4,69,18,0
408664,5,21,6,0
408664,6,51,8,0
408664,7,69,19,21
408664,8,107,0,1
408664,9,35,30,0
408664,10,41,12,0
408664,11,0,0,1
408664,12,13,1,0
408664,13,32,0,0
408664,14,0,12,0
408664,15,26,2,0
408664,16,7,0,0
408664,17,17,8,25
408664,18,62,7,5
408664,19,28,2,9
408664,20,13,0,0
408664,21,69,0,0
408664,22,24,29,14
408664,23,39,6,0
408664,24,27,0,0
408664,25,29,18,9
408664,26,72,4,2
408664,27,35,5,7
408664,28,17,0,0
408664,29,3,5,0
408664,30,36,0,2
408664,31,3,0,0
408664,32,46,0,0
408664,33,68,17,0
408664,34,16,0,0
408664,36,1,0,0
408664,37,32,0,0
408664,38,10,3,0
408664,39,41,0,0
408664,40,81,3,6
408664,41,48,5,4
408664,42,64,0,0
408664,43,59,12,0
408664,44,59,27,0
408664,45,29,0,0
408664,46,31,0,0
408664,47,78,0,4
408664,48,40,0,3
408664,49,49,11,15
408664,50,61,3,0
408664,52,81,0,10
408664,54,19,4,0
408664,55,21,4,9
408664,56,22,13,0
408664,57,10,15,0
408664,58,28,0,0
408664,59,0,7,0
408664,60,32,9,0
408664,61,38,0,0
408664,62,39,0,0
408664,63,20,6,3
408664,64,43,3,0
408664,65,7,0,0
408664,66,3,0,0
408664,67,14,4,0
408664,68,2,2,0
408664,71,39,7,31
408664,72,7,5,0
408664,73,15,6,0
408664,74,46,8,8
408664,75,29,3,4
408664,76,22,6,7
408664,77,10,4,0
408664,79,33,7,6
408664,80,42,12,20
408664,81,0,5,0
408664,82,6,0,0
408664,83,18,0,0
408664,84,25,0,9
408664,85,6,2,0
408664,86,2,0,0
408664,87,14,1,0
408664,88,12,0,0
408664,89,30,3,5
408664,90,7,0,0
408664,91,7,4,0
408664,92,10,0,0
408664,93,7,0,0
408664,94,19,0,6
408664,95,14,0,2
408664,96,0,0,6
408664,98,14,2,6
408664,99,9,3,0
408664,100,10,0,0
408664,101,12,2,0
408664,102,12,2,5
408664,103,30,0,0
408664,104,7,0,0
408664,105,8,0,3
408664,107,15,3,11
408664,108,5,0,12
408664,109,17,0,4
408664,110,17,6,4
408664,112,17,0,7
408664,113,19,6,0
408664,114,22,0,15
408664,115,19,0,0
408664,116,28,0,0
408664,117,35,4,0
408664,119,22,2,0
408664,120,1,0,0
408664,121,4,12,0
408664,122,16,0,0
408664,123,10,11,0
408664,124,14,0,3
408664,126,0,4,0
408664,130,6,0,7
408664,131,8,0,0
408664,132,18,0,0
408664,133,41,3,6
408664,134,5,0,0
408664,135,0,1,0
408664,136,2,0,0
1650453,0,1,3,0
1650453,1,56,0,0
1650453,2,43,0,6
1650453,3,28,4,5
1650453,4,33,8,1
1650453,5,61,15,0
1650453,6,74,0,5
1650453,7,48,7,9
1650453,8,21,10,0
1650453,9,68,0,0
1650453,10,51,0,2
1650453,11,21,0,0
1650453,12,91,8,9
1650453,13,21,16,4
1650453,14,29,11,0
1650453,15,15,0,0
1650453,16,20,4,0
1650453,17,18,5,0
1650453,18,48,12,11
1650453,19,31,22,1
1650453,20,40,4,1
1650453,21,63,28,2
1650453,22,26,9,2
1650453,23,19,10,1
1650453,24,27,4,9
1650453,25,47,7,0
1650453,26,62,14,8
1650453,27,87,7,9
1650453,28,78,13,0
1650453,29,25,4,3
1650453,30,41,9,0
1650453,32,55,20,1
1650453,33,71,23,8
1650453,34,2,7,9
1650453,35,34,14,10
1650453,36,63,7,2
1650453,37,18,0,2
1650453,38,41,0,2
1650453,39,46,28,0
1650453,40,89,8,0
1650453,41,49,22,10
1650453,42,74,25,17
1650453,43,63,38,4
1650453,44,77,33,1
1650453,45,61,19,11
1650453,46,6,0,0
1650453,47,5,0,0
1650453,48,13,9,6
1650453,49,89,8,0
1650453,50,60,3,11
1650453,51,63,19,0
1650453,52,37,12,0
1650453,53,23,3,8
1650453,54,27,5,6
1650453,55,37,0,5
1650453,56,62,44,1
1650453,57,33,8,0
1650453,58,16,3,4
1650453,59,31,25,0
1650453,60,2,0,0
1650453,61,3,0,6
1650453,62,10,2,0
1650453,63,2,0,0
1650453,64,50,17,0
1650453,65,69,12,4
1650453,66,48,19,0
1650453,67,26,32,0
1650453,68,51,6,0
1650453,69,38,3,0
1650453,70,64,10,7
1650453,71,34,7,4
1650453,72,59,5,0
1650453,73,83,8,12
1650453,74,46,11,5
1650453,75,62,3,0
1650453,76,50,1,5
1650453,77,18,20,14
1650453,78,43,11,1
1650453,79,66,22,2
1650453,80,49,5,0
1650453,81,84,7,1
1650453,82,31,11,2
1650453,83,35,6,0
1650453,84,23,11,4
1650453,85,8,4,0
1650453,86,13,0,0
1650453,88,34,8,5
1650453,89,27,0,12
1650453,90,15,8,3
1650453,91,67,14,4
1650453,92,40,6,2
1650453,93,29,18,0
1650453,94,76,0,0
1650453,95,28,2,8
1650453,96,45,7,2
1650453,97,34,15,16
1650453,98,73,3,0
1650453,99,58,3,0
1650453,100,30,6,0
1650453,101,28,12,5
1650453,102,29,0,4
1650453,103,13,11,0
1650453,104,20,2,3
1650453,105,51,3,8
1650453,106,35,9,17
1650453,107,22,6,0
1650453,108,17,54,12
1650453,109,10,0,0
1650453,110,12,0,3
1650453,112,29,11,0
1650453,113,15,15,7
1650453,114,11,6,8
1650453,115,18,8,1
1650453,116,25,6,4
1650453,117,4,0,0
1650453,118,30,0,0
1650453,119,27,11,0
1650453,120,18,3,0
1650453,121,2,0,0
1650453,122,3,2,4
1650453,123,30,8,0
1650453,124,24,0,0
1650453,125,34,5,0
1650453,126,30,0,0
1087578,0,3,0,0
1087578,1,103,13,0
1087578,2,88,5,13
1087578,3,14,4,0
1087578,4,8,0,1
1087578,5,8,0,0
1087578,6,78,9,1
1087578,7,85,0,6
1087578,8,73,14,25
1087578,9,75,19,7
1087578,10,42,24,0
1087578,11,29,6,12
1087578,12,61,16,0
1087578,13,122,14,2
1087578,14,69,4,0
1087578,15,81,9,11
1087578,16,72,18,7
1087578,17,56,13,15
1087578,18,30,0,3
1087578,19,61,9,14
1087578,20,28,6,2
1087578,21,87,11,6
1087578,22,89,16,9
1087578,23,39,7,30
1087578,24,65,0,16
1087578,25,105,11,0
1087578,26,130,6,0
1087578,27,59,12,18
1087578,28,106,22,3
1087578,29,111,3,0
1087578,30,83,32,10
1087578,31,115,7,0
1087578,32,65,15,2
1087578,33,60,15,9
1087578,34,62,10,0
1087578,35,93,25,9
1087578,36,88,13,0
1087578,37,76,4,21
1087578,38,8,8,0
1087578,39,18,0,10
1087578,40,51,0,15
1087578,41,113,15,0
1087578,42,105,13,0
1087578,43,70,4,6
1087578,44,76,2,0
1087578,45,35,15,0
1087578,46,28,4,0
1087578,47,10,0,0
1087578,48,48,16,0
1087578,49,29,16,17
1087578,50,46,4,4
1087578,51,88,12,0
1087578,52,125,2,6
1087578,53,28,14,5
1087578,54,30,0,6
1087578,55,82,9,6
1087578,56,53,0,0
1087578,57,64,6,0
1087578,58,93,16,8
1087578,59,21,12,5
1087578,60,62,16,5
1087578,61,102,7,8
1087578,62,63,37,6
1087578,63,53,19,11
1087578,64,113,21,0
1087578,65,67,2,7
1087578,66,85,7,6
1087578,67,125,4,0
1087578,68,100,2,0
1087578,69,56,16,23
1087578,70,43,15,5
1087578,71,24,14,0
1087578,72,28,12,0
1087578,73,68,17,8
1087578,74,28,4,11
1087578,75,38,6,9
1087578,76,56,23,6
1087578,77,42,5,31
1087578,78,78,23,5
1087578,79,68,7,2
1087578,80,60,10,14
1087578,81,4,4,0
1087578,82,72,11,12
1087578,83,5,0,1
1087578,84,43,17,0
1087578,85,58,32,10
1087578,86,84,8,0
1087578,87,42,6,14
1087578,88,27,0,1
1087578,89,19,6,6
1087578,90,25,0,0
1087578,91,36,4,8
1087578,92,30,6,0
1087578,93,12,0,0
1087578,94,31,0,0
1087578,95,48,6,4
1087578,96,39,4,1
1087578,97,29,0,0
1087578,98,13,11,0
1087578,99,9,5,0
1087578,100,12,1,0
1087578,102,4,0,0
1087578,103,32,3,0
1087578,104,45,4,12
1087578,105,32,14,0
1087578,106,62,0,3
1087578,107,34,6,11
1087578,108,46,0,9
1087578,109,16,9,0
1087578,110,30,0,0
1087578,111,8,0,1
1087578,112,47,0,0
1087578,113,3,0,0
1087578,114,36,0,0
464038,0,67,0,0
464038,1,44,6,0
464038,2,66,20,0
464038,3,41,0,4
464038,4,58,14,18
464038,5,51,12,5
464038,6,49,1,0
464038,7,42,0,0
464038,8,108,4,3
464038,9,47,0,20
464038,10,83,10,6
464038,11,55,8,0
464038,12,9,9,7
464038,13,45,17,9
464038,14,97,0,0
464038,15,108,6,21
464038,16,11,0,7
464038,17,9,5,0
464038,18,32,10,5
464038,19,79,7,9
464038,20,24,39,12
464038,21,10,0,32
464038,22,21,17,0
464038,23,73,9,1
464038,24,94,5,23
464038,25,71,21,0
464038,26,49,17,14
464038,27,26,12,8
464038,28,27,0,4
464038,29,13,0,3
464038,30,32,0,0
464038,31,5,0,0
464038,32,16,0,0
464038,33,13,3,5
464038,34,6,0,0
464038,35,68,0,17
464038,36,25,12,10
464038,37,55,15,10
464038,38,25,6,9
464038,39,3,0,0
464038,40,3,0,0
464038,41,47,1,5
464038,42,31,8,23
464038,43,34,16,12
464038,44,53,0,14
464038,45,25,0,11
464038,46,35,0,38
464038,47,52,6,33
464038,48,99,17,20
464038,49,31,0,3
464038,50,54,0,0
464038,51,70,0,0
464038,52,74,17,11
464038,53,48,15,18
464038,54,45,16,43
464038,55,5,0,0
464038,56,43,11,14
464038,57,29,8,9
464038,58,1,0,0
464038,59,52,9,8
464038,60,64,14,7
464038,61,66,6,7
464038,62,10,2,0
464038,63,20,5,11
464038,64,39,13,9
464038,65,55,13,18
464038,66,80,0,14
464038,67,9,0,0
464038,68,30,9,18
464038,69,31,5,0
464038,70,37,0,10
464038,71,25,11,16
464038,72,18,4,0
464038,73,8,0,0
464038,74,53,8,0
464038,75,61,14,0
464038,76,59,4,9
464038,77,74,4,0
464038,78,39,8,15
464038,79,76,0,3
464038,80,66,7,16
464038,81,64,6,0
464038,82,57,0,8
464038,83,61,8,15
464038,84,85,19,0
464038,85,76,13,4
464038,86,51,8,0
464038,87,7,0,9
464038,88,29,7,22
464038,89,14,0,0
464038,90,16,2,5
464038,91,20,0,0
464038,92,32,13,2
464038,93,38,22,16
464038,94,61,24,8
464038,95,13,0,11
464038,96,0,0,5
464038,97,63,0,12
464038,98,44,10,0
464038,99,10,4,0
464038,100,36,0,28
464038,101,0,0,3
464038,102,32,0,11
464038,103,43,12,18
464038,104,86,27,23
464038,105,69,7,34
464038,106,48,44,2
464038,107,54,10,13
464038,108,21,3,22
464038,109,33,10,26
464038,110,21,9,0
464038,111,19,0,15
464038,112,18,0,0
464038,113,81,6,3
464038,114,90,15,20
464038,115,63,8,5
464038,116,0,0,11
464038,117,28,17,12
464038,118,79,3,14
464038,119,29,2,52
464038,120,68,26,24
464038,121,76,18,29
464038,122,49,12,25
464038,123,71,4,11
464038,124,28,0,0
464038,125,26,0,0
464038,126,27,0,0
464038,127,12,0,0
7282468,0,2,0,0
7282468,1,15,1,3
7282468,2,48,27,0
7282468,3,45,35,0
7282468,4,43,14,5
7282468,5,48,24,0
7282468,6,37,0,2
7282468,7,45,34,10
7282468,8,65,0,5
7282468,9,53,12,1
7282468,10,5,0,0
7282468,11,52,2,17
7282468,12,13,2,0
7282468,13,68,10,10
7282468,14,81,6,11
7282468,16,4,0,0
7282468,22,5,0,0
7282468,24,83,10,6
7282468,28,47,0,0
7282468,30,23,1,17
7282468,31,67,16,0
7282468,32,78,26,0
7282468,33,76,20,18
7282468,34,13,0,0
7282468,35,6,0,0
7282468,36,67,17,8
7282468,37,65,21,0
7282468,38,32,15,17
7282468,39,87,0,6
7282468,40,57,7,0
7282468,41,54,20,18
7282468,42,61,14,3
7282468,43,43,11,1
7282468,44,1,0,0
7282468,45,15,0,0
7282468,46,19,26,4
7282468,47,51,18,17
7282468,48,29,3,0
7282468,49,27,8,7
7282468,50,67,6,10
7282468,51,40,25,7
7282468,52,24,8,6
7282468,53,69,19,0
7282468,55,33,7,0
7282468,56,33,23,0
7282468,57,74,15,2
7282468,58,68,20,0
7282468,59,5,13,0
7282468,61,35,11,0
7282468,62,29,0,8
7282468,63,60,13,0
7282468,64,27,8,20
7282468,65,14,13,0
7282468,66,7,11,0
7282468,73,20,0,31
7282468,74,48,15,12
7282468,75,57,10,15
7282468,76,61,10,3
7282468,77,71,8,6
7282468,78,48,24,2
7282468,79,16,6,0
7282468,80,13,0,7
7282468,82,21,0,0
7282468,83,75,4,7
7282468,84,13,9,0
7282468,85,5,0,0
7282468,86,2,0,0
7282468,87,1,0,0
7282468,89,16,0,0
7282468,91,9,1,4
7282468,92,77,0,7
7282468,93,46,0,0
7282468,94,51,13,26
7282468,95,7,0,0
7282468,96,0,0,1
7282468,98,38,2,8
7282468,99,67,5,3
7282468,100,69,0,15
7282468,101,81,14,14
7282468,102,33,12,7
7282468,103,33,9,7
7282468,104,42,13,16
7282468,105,49,12,2
7282468,106,18,11,0
7282468,109,11,9,8
7282468,117,49,1,12
7282468,118,19,18,1
7282468,119,18,9,2
7282468,120,52,0,0
7282468,121,12,25,0
7282468,122,65,11,0
7282468,123,38,15,8
7282468,125,37,0,12
7282468,126,19,0,0
7282468,127,23,21,4
7282468,128,123,44,0
7282468,129,50,21,0
7282468,130,25,18,0
7282468,131,72,13,40
7282468,132,17,2,0
7282468,138,17,8,0
320193,0,15,0,0
320193,1,25,0,0
320193,2,22,0,0
320193,3,23,0,0
320193,4,14,0,4
320193,5,26,1,0
320193,6,28,16,1
320193,7,79,0,0
320193,8,80,0,6
320193,9,33,7,19
320193,10,100,1,13
320193,11,90,21,0
320193,12,0,11,20
320193,13,74,5,6
320193,14,90,10,13
320193,15,39,13,0
320193,16,75,18,4
320193,17,75,0,0
320193,18,12,1,1
320193,19,16,0,0
320193,20,53,0,41
320193,21,57,9,16
320193,22,37,2,12
320193,25,11,2,0
320193,26,27,7,9
320193,27,3,0,0
320193,30,51,4,0
320193,31,31,0,0
320193,32,51,6,6
320193,33,44,14,0
320193,35,3,0,0
320193,36,48,30,3
320193,37,39,11,0
320193,38,8,4,4
320193,39,21,5,8
320193,40,2,0,3
320193,41,1,0,2
320193,42,6,6,0
320193,43,47,13,10
320193,44,18,0,12
320193,46,19,0,4
320193,47,52,6,15
320193,48,75,15,11
320193,49,53,4,6
320193,50,5,2,0
320193,51,6,0,3
320193,52,8,8,0
320193,53,34,1,4
320193,54,37,1,2
320193,55,31,2,5
320193,56,20,8,7
320193,57,36,8,12
320193,58,38,31,7
320193,59,43,16,14
320193,60,8,13,7
320193,61,28,20,6
320193,62,60,9,15
320193,63,31,0,0
320193,64,27,0,16
320193,65,16,0,0
320193,66,17,5,6
320193,67,16,0,19
320193,69,12,14,0
320193,70,1,0,0
320193,71,0,3,0
320193,72,42,3,0
320193,73,23,3,1
320193,74,34,10,0
320193,75,46,8,0
320193,76,23,8,42
320193,77,37,9,0
320193,78,13,0,14
320193,79,22,4,9
320193,80,7,0,0
320193,81,0,0,3
320193,83,4,0,5
320193,84,84,5,15
320193,85,21,0,0
320193,86,18,30,0
320193,87,38,20,1
320193,88,52,19,27
320193,89,64,0,28
320193,90,92,22,14
320193,91,85,8,9
320193,92,61,0,0
320193,93,47,6,13
320193,94,30,15,24
320193,95,39,0,0
320193,96,14,4,0
320193,98,40,0,0
320193,99,24,18,0
320193,100,7,6,5
320193,101,52,17,2
320193,102,0,6,0
320193,103,3,3,0
320193,104,13,3,1
320193,105,31,0,9
320193,106,36,10,41
320193,107,50,4,16
320193,108,43,0,16
320193,109,79,3,26
320193,110,84,0,0
320193,111,91,3,6
320193,112,43,9,18
320193,113,33,5,30
320193,114,38,24,29
320193,115,13,4,0
320193,116,21,8,0
320193,117,30,23,0
320193,118,17,9,18
320193,119,32,0,14
320193,120,3,1,4
320193,122,11,0,3
320193,123,3,0,19
320193,124,4,0,0
320193,125,24,1,9
320193,126,25,0,3
320193,127,25,0,6
320193,128,28,17,0
320193,129,71,11,15
320193,130,8,0,0
247613,0,6,0,0
247613,1,14,0,0
247613,2,5,0,0
247613,3,82,12,12
247613,4,88,16,8
247613,5,74,0,0
247613,6,43,15,8
247613,7,18,0,0
247613,8,83,4,22
247613,9,29,9,20
247613,10,10,0,0
247613,11,8,0,0
247613,12,96,18,0
247613,13,23,0,0
247613,14,43,5,14
247613,15,58,25,9
247613,17,4,0,0
247613,18,2,0,4
247613,19,45,8,3
247613,20,23,0,4
247613,21,8,0,2
247613,22,6,0,0
247613,23,22,0,0
247613,24,52,0,10
247613,25,38,15,27
247613,26,41,0,19
247613,27,36,10,1
247613,28,18,7,3
247613,29,19,14,3
247613,30,13,2,6
247613,31,30,0,2
247613,32,4,0,0
247613,33,30,3,0
247613,34,17,0,7
247613,35,35,0,0
247613,36,54,2,0
247613,37,9,0,0
247613,38,5,8,0
247613,39,43,26,16
247613,40,63,8,0
247613,41,59,21,8
247613,42,41,8,0
247613,43,12,0,10
247613,44,9,1,0
247613,45,28,0,0
247613,46,27,7,0
247613,47,19,4,7
247613,48,56,18,0
247613,49,4,13,0
247613,50,13,13,5
247613,51,39,17,5
247613,52,41,24,6
247613,53,3,44,0
247613,54,7,10,0
247613,55,10,0,0
247613,56,41,0,4
247613,57,28,0,0
247613,58,85,0,4
247613,59,35,0,0
247613,60,42,7,2
247613,61,22,4,12
247613,62,60,10,6
247613,63,58,10,15
247613,64,86,21,0
247613,65,21,0,9
247613,66,38,4,0
247613,67,30,0,7
247613,68,22,0,0
247613,69,31,1,0
247613,70,24,19,0
247613,71,35,22,1
247613,72,52,0,0
247613,73,28,7,0
247613,74,62,0,9
247613,75,46,8,0
247613,76,1,0,0
247613,77,37,0,0
247613,78,15,12,0
247613,79,13,6,7
247613,80,8,5,3
247613,81,6,5,4
247613,82,26,4,8
247613,84,36,0,0
247613,85,64,0,0
247613,86,55,0,0
247613,87,51,6,0
247613,88,16,6,9
247613,89,6,4,9
247613,90,25,0,3
247613,91,45,0,1
247613,92,42,4,8
247613,93,23,16,0
247613,94,20,13,0
247613,95,4,2,0
247613,96,28,0,0
247613,97,16,7,0
247613,98,11,0,11
247613,99,16,7,1
247613,100,15,0,4
247613,101,16,4,2
247613,102,18,31,0
247613,103,47,0,0
247613,104,61,7,9
247613,105,69,0,26
247613,106,23,0,18
247613,107,51,3,4
247613,108,16,0,5
247613,109,0,0,10
247613,110,31,0,20
247613,111,43,0,9
247613,112,29,0,13
247613,114,9,0,0
247613,115,44,6,3
247613,116,29,16,0
247613,117,8,0,0
247613,118,12,0,0
247613,119,11,0,0
247613,120,23,18,0
247613,121,18,14,3
247613,122,28,21,0
247613,123,73,0,0
247613,124,61,0,0
247613,125,57,0,0
817225,1,46,14,1
817225,2,18,17,5
817225,3,6,0,0
817225,4,21,12,13
817225,5,44,4,5
817225,6,62,22,1
817225,7,7,8,0
817225,8,3,0,0
817225,9,66,20,1
817225,10,29,31,4
817225,11,69,8,9
817225,12,74,22,6
817225,13,25,27,16
817225,14,44,10,0
817225,15,61,11,6
817225,16,27,17,3
817225,17,22,5,0
817225,18,44,30,11
817225,19,67,39,0
817225,20,37,4,3
817225,21,24,11,0
817225,22,46,3,13
817225,23,22,0,34
817225,24,51,19,13
817225,25,43,23,5
817225,26,70,34,16
817225,27,48,13,0
817225,28,26,0,4
817225,29,62,19,5
817225,30,55,24,8
817225,31,35,34,0
817225,32,71,15,0
817225,33,9,11,0
817225,34,28,12,6
817225,35,37,10,3
817225,36,10,10,3
817225,37,12,0,0
817225,38,8,0,12
817225,39,24,12,0
817225,40,0,4,0
817225,42,9,1,0
817225,43,25,8,0
817225,44,2,0,2
817225,45,43,0,6
817225,46,49,1,4
817225,48,70,3,5
817225,49,60,10,3
817225,50,10,6,5
817225,51,16,0,2
817225,53,54,16,0
817225,54,8,0,0
817225,55,59,14,0
817225,56,22,9,0
817225,57,40,12,27
817225,58,47,0,0
817225,59,17,0,18
817225,60,25,6,11
817225,61,34,6,0
817225,62,41,10,15
817225,63,42,33,9
817225,64,75,0,9
817225,65,35,3,4
817225,66,3,0,15
817225,67,35,11,0
817225,68,27,17,0
817225,69,18,10,7
817225,70,7,6,0
817225,71,0,0,5
817225,72,82,3,2
817225,73,44,26,8
817225,74,55,10,20
817225,75,72,0,18
817225,76,23,40,12
817225,77,40,40,0
817225,78,64,33,21
817225,79,87,2,19
817225,80,43,6,0
817225,81,14,30,0
817225,82,19,8,0
817225,83,2,10,0
817225,84,8,21,21
817225,85,35,17,0
817225,86,35,20,17
817225,87,43,38,0
817225,88,31,60,0
817225,89,84,16,10
817225,90,42,10,8
817225,91,22,21,2
817225,92,34,25,0
817225,93,18,58,11
817225,94,32,35,16
817225,95,28,38,4
817225,96,51,8,5
817225,97,47,0,13
817225,98,9,0,0
817225,99,6,28,0
817225,100,0,0,3
817225,101,38,41,9
817225,102,13,64,18
817225,103,14,5,6
817225,104,5,5,0
817225,105,27,15,3
817225,106,81,30,3
817225,107,45,51,0
817225,108,27,8,5
817225,109,20,0,1
817225,110,22,12,8
817225,111,16,26,10
817225,112,62,8,19
817225,113,34,2,4
817225,114,29,0,9
817225,115,2,0,0
817225,116,9,5,1
817225,117,3,0,0
817225,118,31,5,11
817225,119,49,5,17
817225,120,46,18,2
817225,121,42,0,13
817225,122,12,4,17
817225,123,21,10,4
817225,124,46,24,23
817225,125,8,4,3
817225,127,6,0,0
817225,129,11,17,6
817225,130,66,19,0
817225,131,49,6,0
817225,132,56,16,7
817225,133,9,23,0
817225,134,12,0,18
817225,135,34,0,4
817225,136,19,26,30
817225,137,2,0,0
817225,138,7,0,0
1187043,1,8,7,1
1187043,2,16,9,9
1187043,3,23,13,0
1187043,4,55,4,2
1187043,5,44,2,0
1187043,6,71,2,0
1187043,7,73,8,7
1187043,8,40,17,1
1187043,9,91,0,0
1187043,10,101,8,0
1187043,11,51,2,0
1187043,12,71,20,0
1187043,13,48,21,1
1187043,14,84,7,2
1187043,15,39,10,3
1187043,16,8,0,0
1187043,17,19,0,0
1187043,18,90,7,0
1187043,19,52,0,11
1187043,20,88,0,8
1187043,21,90,16,5
1187043,22,73,27,0
1187043,23,84,27,0
1187043,24,148,8,3
1187043,25,97,0,10
1187043,26,88,10,0
1187043,27,81,22,12
1187043,28,58,8,11
1187043,29,105,0,0
1187043,30,110,23,11
1187043,31,58,8,9
1187043,32,100,0,23
1187043,33,143,0,0
1187043,34,115,5,0
1187043,35,27,6,0
1187043,36,37,8,34
1187043,37,79,9,29
1187043,38,47,4,0
1187043,39,28,8,0
1187043,40,29,9,0
1187043,41,57,27,16
1187043,42,74,9,20
1187043,43,70,13,8
1187043,44,120,0,0
1187043,45,72,31,4
1187043,46,70,5,0
1187043,47,71,16,15
1187043,48,73,19,1
1187043,49,69,23,0
1187043,50,94,14,0
1187043,51,98,6,0
1187043,52,57,0,2
1187043,53,48,2,4
1187043,54,74,18,7
1187043,55,90,22,0
1187043,56,78,0,7
1187043,57,79,11,0
1187043,58,69,16,10
1187043,59,54,21,5
1187043,60,60,22,0
1187043,61,51,7,0
1187043,62,54,0,8
1187043,63,47,6,11
1187043,64,73,29,2
1187043,65,53,25,9
1187043,66,49,2,9
1187043,67,74,15,27
1187043,68,61,17,11
1187043,69,76,16,20
1187043,70,57,13,6
1187043,71,68,3,17
1187043,72,31,19,6
1187043,73,84,16,0
1187043,74,100,0,0
1187043,75,118,5,0
1187043,76,116,13,0
1187043,77,74,13,0
1187043,78,66,6,6
1187043,79,41,0,11
1187043,80,79,13,9
1187043,81,53,8,16
1187043,82,48,21,11
1187043,83,109,17,7
1187043,84,44,11,11
1187043,85,49,16,0
1187043,86,25,21,0
1187043,87,21,6,0
1187043,88,35,2,6
1187043,89,101,10,0
1187043,90,63,13,18
1187043,91,54,0,5
1187043,92,72,6,22
1187043,93,80,6,0
1187043,94,101,6,5
1187043,95,38,5,20
1187043,96,110,9,8
1187043,97,71,27,0
1187043,98,55,14,0
1187043,99,54,16,14
1187043,100,75,7,3
1187043,101,54,7,31
1187043,102,54,9,0
1187043,103,29,4,8
1187043,104,67,14,1
1187043,105,59,34,5
1187043,106,43,27,3
1187043,107,37,7,0
1187043,108,89,5,0
1187043,109,41,8,2
1187043,110,58,11,5
1187043,111,25,0,0
1187043,112,60,8,10
1187043,113,88,8,5
1187043,114,65,8,8
1187043,115,70,17,0
1187043,116,55,21,0
1187043,117,60,5,0
1187043,118,71,12,1
1187043,119,54,11,13
1187043,120,49,0,16
1187043,121,92,9,26
1187043,122,74,15,15
1187043,123,39,28,6
1187043,124,48,16,26
1187043,125,86,0,6
1187043,126,41,3,5
1187043,127,0,9,0
1187043,128,46,15,6
1187043,129,42,8,23
1187043,130,35,13,12
1187043,131,70,0,14
1187043,132,94,5,0
1187043,133,31,0,6
1187043,134,45,8,5
1187043,135,79,6,0
1187043,136,56,13,25
1187043,137,14,3,10
1187043,138,74,14,21
1187043,139,22,0,0
1187043,140,29,7,5
1187043,141,40,0,5
1187043,142,98,0,19
1187043,143,38,16,11
1187043,144,44,6,0
1187043,145,68,3,0
1187043,146,59,3,12
1187043,147,83,14,7
1187043,148,48,7,10
1187043,149,31,10,0
1187043,150,28,13,0
1187043,151,33,15,6
1187043,152,31,9,4
1187043,153,19,2,1
1187043,154,18,7,5
1187043,155,54,13,3
1187043,156,27,2,0
1187043,157,41,10,0
1187043,158,11,0,0
1187043,159,26,18,4
1187043,160,65,12,0
1187043,161,35,6,5
1187043,162,3,5,11
1187043,163,49,9,3
1187043,164,65,3,9
1187043,165,51,16,17
1187043,166,93,2,12
1187043,167,65,20,3
1187043,168,34,25,4
2338151,1,23,0,0
2338151,2,42,0,0
2338151,4,3,0,0
2338151,6,46,0,6
2338151,7,55,21,0
2338151,8,95,5,0
2338151,9,54,7,6
2338151,10,60,5,13
2338151,11,88,9,7
2338151,12,35,6,2
2338151,13,57,18,0
2338151,14,37,11,6
2338151,15,36,12,0
2338151,16,40,7,0
2338151,17,69,19,12
2338151,18,30,12,3
2338151,19,67,7,12
2338151,20,49,10,16
2338151,21,47,0,2
2338151,22,57,2,5
2338151,23,65,15,9
2338151,24,69,12,17
2338151,25,125,4,5
2338151,26,10,0,2
2338151,27,51,3,3
2338151,28,93,9,4
2338151,29,71,0,8
2338151,30,38,0,0
2338151,31,44,6,9
2338151,32,38,12,6
2338151,33,81,6,7
2338151,34,55,0,15
2338151,35,117,7,4
2338151,36,81,6,4
2338151,37,52,0,4
2338151,38,32,20,11
2338151,39,70,4,7
2338151,40,30,3,18
2338151,41,37,6,0
2338151,42,51,10,3
2338151,43,44,0,11
2338151,44,66,26,11
2338151,45,43,14,5
2338151,46,57,0,5
2338151,47,14,27,0
2338151,48,27,2,0
2338151,49,71,3,4
2338151,50,31,3,17
2338151,51,44,26,17
2338151,52,79,25,0
2338151,53,39,5,0
2338151,54,89,14,7
2338151,55,109,1,0
2338151,56,68,0,2
2338151,57,75,6,0
2338151,58,26,7,0
2338151,59,42,12,21
2338151,60,42,10,3
2338151,61,18,10,8
2338151,62,44,12,18
2338151,63,44,29,4
2338151,64,37,25,10
2338151,65,28,13,0
2338151,66,13,26,0
2338151,67,59,0,0
2338151,68,36,8,4
2338151,69,92,0,6
2338151,70,37,0,4
2338151,71,15,4,10
2338151,72,93,16,1
2338151,73,20,0,0
2338151,74,62,8,9
2338151,75,59,15,1
2338151,76,57,0,0
2338151,77,27,0,0
2338151,78,48,11,12
2338151,79,96,7,7
2338151,80,75,0,0
2338151,81,10,6,0
2338151,82,19,0,3
2338151,83,66,14,1
2338151,84,43,0,1
2338151,85,86,5,16
2338151,86,53,24,22
2338151,87,115,0,5
2338151,88,103,16,1
2338151,89,67,8,0
2338151,90,100,3,10
2338151,91,87,12,5
2338151,92,39,7,10
2338151,93,78,7,25
2338151,94,74,8,14
2338151,95,71,0,23
2338151,96,70,11,4
2338151,97,35,0,13
2338151,98,70,8,12
2338151,99,72,12,8
2338151,100,50,5,35
2338151,101,53,7,0
2338151,102,54,6,0
2338151,103,79,10,29
2338151,104,66,3,18
2338151,105,91,2,14
2338151,106,58,5,0
2338151,107,39,12,23
2338151,108,12,0,0
2338151,109,28,6,7
2338151,110,35,12,11
2338151,111,34,12,11
2338151,112,46,9,5
2338151,113,18,6,6
2338151,114,71,6,25
2338151,115,53,5,9
2338151,116,73,6,15
2338151,117,57,5,33
2338151,118,74,0,3
2338151,119,72,4,7
2338151,120,38,7,2
2338151,121,1,4,0
2338151,122,26,27,0
2338151,123,8,0,16
2338151,124,30,5,8
2338151,125,30,26,21
2338151,126,44,20,14
2338151,127,35,36,0
2338151,128,48,37,4
2338151,129,54,34,1
2338151,130,36,14,38
2338151,131,50,2,11
2338151,132,74,13,8
2338151,133,96,0,1
2338151,134,47,15,12
2338151,135,93,20,0
2338151,136,77,0,0
2338151,137,63,2,0
2338151,138,16,8,15
2338151,139,3,3,0
2338151,140,52,0,11
2338151,141,54,4,0
2338151,142,43,9,0
2338151,143,34,6,8
2338151,144,58,15,5
2338151,145,14,6,3
2338151,146,70,0,26
2338151,147,55,2,0
2338151,148,1,0,0
109424,1,36,0,0
109424,2,39,8,3
109424,3,93,33,6
109424,4,66,20,12
109424,5,59,10,23
109424,7,7,5,0
109424,8,17,2,0
109424,9,17,0,0
109424,10,0,0,2
109424,12,24,0,0
109424,13,89,13,14
109424,14,41,6,0
109424,15,22,0,0
109424,16,19,10,0
109424,17,52,1,0
109424,18,78,0,5
109424,19,72,14,4
109424,22,29,0,0
109424,23,37,21,6
109424,24,86,6,3
109424,25,59,8,0
109424,26,23,0,0
109424,27,40,19,7
109424,28,43,18,13
109424,29,86,3,21
109424,30,80,4,32
109424,31,33,7,0
109424,32,15,0,0
109424,33,25,0,0
109424,35,43,8,0
109424,36,16,0,0
109424,37,47,3,0
109424,38,33,29,0
109424,41,55,10,0
109424,42,37,14,5
109424,43,2,0,0
109424,44,66,11,6
109424,45,43,6,0
109424,46,78,11,1
109424,47,17,1,4
109424,49,26,0,0
109424,50,26,5,0
109424,51,40,5,0
109424,52,23,2,3
109424,53,5,0,0
109424,54,20,8,4
109424,55,44,3,6
109424,56,19,0,0
109424,57,52,21,28
109424,58,33,19,12
109424,59,41,17,8
109424,60,46,26,14
109424,61,32,14,2
109424,62,13,0,4
109424,63,64,6,2
109424,64,36,0,8
109424,65,2,0,0
109424,66,36,7,19
109424,67,33,9,0
109424,69,18,6,7
109424,70,46,25,11
109424,71,18,16,0
109424,72,34,19,0
109424,73,5,5,0
109424,74,22,0,0
109424,75,30,6,4
109424,76,27,0,24
109424,77,61,6,34
109424,78,45,14,0
109424,79,40,6,11
109424,80,35,6,0
109424,81,61,0,2
109424,82,23,0,0
109424,83,61,33,15
109424,84,33,0,17
109424,85,15,0,5
109424,86,60,8,5
109424,87,43,0,8
109424,88,27,0,0
109424,89,32,2,6
109424,90,67,1,1
109424,91,49,0,6
109424,92,40,10,12
109424,93,4,0,0
109424,95,80,12,0
109424,96,8,0,0
109424,97,76,6,11
109424,98,25,22,11
109424,99,53,7,0
109424,100,40,9,0
109424,101,75,0,0
101258,0,11,0,0
101258,1,23,0,0
101258,3,18,8,0
101258,4,32,23,4
101258,5,67,11,0
101258,6,33,12,3
101258,7,14,1,0
101258,8,8,0,1
101258,9,17,0,5
101258,10,22,0,0
101258,11,66,0,4
101258,12,14,6,0
101258,13,27,4,3
101258,14,55,1,3
101258,15,46,34,0
101258,16,9,0,4
101258,17,45,13,4
101258,18,25,5,0
101258,19,42,6,8
101258,20,43,14,0
101258,21,43,2,2
101258,22,25,5,5
101258,23,42,0,0
101258,24,85,5,6
101258,25,103,16,13
101258,26,53,10,11
101258,27,35,4,3
101258,28,12,5,2
101258,29,48,13,9
101258,30,14,0,3
101258,31,77,5,1
101258,32,43,2,0
101258,33,0,14,16
101258,34,4,0,11
101258,35,29,4,6
101258,36,60,18,0
101258,37,16,1,0
101258,38,58,5,5
101258,39,46,9,0
101258,40,40,0,0
101258,41,76,4,0
101258,42,84,5,0
101258,43,64,10,5
101258,44,57,1,0
101258,45,64,2,0
101258,46,54,13,22
101258,47,59,19,7
101258,48,72,13,8
101258,49,105,11,11
101258,50,88,21,21
101258,51,74,0,14
101258,52,54,9,11
101258,53,47,6,10
101258,55,48,6,0
101258,56,25,5,4
101258,57,52,21,3
101258,58,54,0,8
101258,59,49,5,0
101258,60,27,17,4
101258,61,13,0,0
101258,62,56,11,21
101258,63,14,4,4
101258,64,20,13,1
101258,65,36,0,0
101258,66,16,0,0
101258,67,55,8,0
101258,68,25,1,0
101258,69,18,1,7
101258,70,23,5,3
101258,71,39,4,4
101258,72,62,3,9
101258,73,69,17,0
101258,74,65,5,0
101258,75,6,0,0
101258,76,42,0,0
101258,77,36,0,8
101258,78,61,11,39
101258,79,75,13,0
101258,80,42,4,5
101258,81,57,0,3
101258,82,63,32,8
101258,83,63,0,5
101258,84,46,8,0
101258,85,25,0,0
101258,88,25,0,0
112913,0,35,0,15
112913,4,24,21,3
112913,5,4,0,0
112913,6,9,3,0
112913,7,14,7,16
112913,9,2,0,0
112913,10,113,4,0
112913,11,121,14,0
112913,12,66,10,0
112913,14,32,10,0
112913,15,8,13,0
112913,19,18,0,0
112913,20,69,9,0
112913,21,66,0,4
112913,22,97,11,7
112913,23,63,0,22
112913,24,32,7,9
112913,25,31,20,8
112913,26,64,5,0
112913,27,87,13,5
112913,28,94,8,0
112913,29,22,8,9
112913,30,13,6,0
112913,32,70,3,3
112913,34,25,0,12
112913,35,65,0,0
112913,36,55,9,0
112913,37,10,0,0
112913,38,9,9,0
112913,39,17,6,8
112913,40,28,7,7
112913,41,6,7,9
112913,42,40,27,9
112913,45,5,0,8
112913,46,11,5,5
112913,47,49,16,3
112913,48,80,12,15
112913,49,54,0,16
112913,50,78,0,0
112913,51,81,6,22
112913,52,46,16,10
112913,53,77,4,19
112913,54,18,6,9
112913,55,56,17,0
112913,57,31,16,17
112913,58,67,11,0
112913,59,67,18,11
112913,60,50,4,17
112913,61,66,6,0
112913,62,46,7,0
112913,63,26,12,0
112913,64,30,16,0
112913,65,12,1,3
112913,66,55,30,0
112913,67,7,0,0
112913,68,26,6,9
112913,69,13,0,0
112913,70,28,14,0
112913,71,34,14,2
112913,72,53,0,4
112913,73,10,2,0
112913,74,41,0,0
112913,75,38,17,22
112913,76,50,4,1
112913,77,29,13,0
112913,78,44,7,0
112913,79,11,9,0
112913,83,61,0,0
112913,84,61,0,9
112913,85,24,0,0
112913,87,64,6,9
112913,88,45,25,3
112913,89,87,19,4
112913,90,48,14,0
112913,91,61,0,0
112913,92,20,8,3
112913,93,42,0,0
112913,94,44,9,0
118845,0,53,2,4
118845,1,42,0,0
118845,2,34,0,0
118845,3,40,7,7
118845,4,42,5,5
118845,5,35,0,8
118845,7,41,2,0
118845,8,4,0,0
118845,10,35,0,3
118845,11,4,1,2
118845,12,18,1,0
118845,13,36,16,6
118845,14,34,27,14
118845,15,17,19,27
118845,16,0,0,14
118845,17,86,16,7
118845,18,15,2,6
118845,19,11,0,0
118845,20,0,3,0
118845,21,4,0,0
118845,22,3,0,0
118845,23,38,11,3
118845,24,19,0,4
118845,25,9,1,0
118845,26,9,6,0
118845,27,33,0,4
118845,28,25,0,18
118845,29,37,8,2
118845,30,47,16,13
118845,31,48,23,2
118845,32,44,0,12
118845,33,38,0,31
118845,34,22,2,6
118845,35,15,6,0
118845,37,16,0,0
118845,38,70,6,5
118845,39,74,6,9
118845,40,50,20,3
118845,41,27,10,3
118845,42,65,37,14
118845,43,60,5,7
118845,44,58,11,4
118845,45,57,4,14
118845,46,92,0,12
118845,47,37,10,6
118845,48,13,3,0
118845,50,27,0,4
118845,51,6,12,0
118845,52,17,11,15
118845,53,33,2,4
118845,55,17,5,0
118845,56,33,0,0
118845,57,29,0,1
118845,58,17,14,0
118845,59,6,3,1
118845,61,16,6,5
118845,62,2,0,7
118845,63,40,7,15
118845,64,54,16,9
118845,65,31,25,0
118845,66,23,18,0
118845,67,30,13,0
118845,68,54,8,23
118845,69,3,9,0
118845,70,18,16,4
118845,72,29,0,0
118845,73,12,0,4
118845,74,32,13,0
118845,75,34,0,0
118845,76,15,8,0
118845,77,62,4,6
118845,78,26,0,12
118845,79,29,0,0
118845,80,30,1,0
118845,85,26,0,4
118845,88,51,0,15
118845,89,24,0,0
118845,90,67,3,0
118845,91,69,20,19
118845,92,39,0,0
118845,93,60,0,0
118845,94,3,0,0
1462900,1,6,13,0
1462900,2,7,5,4
1462900,5,31,0,0
1462900,6,90,28,5
1462900,7,42,13,0
1462900,8,16,0,0
1462900,10,55,16,0
1462900,11,28,7,4
1462900,12,94,0,0
1462900,13,29,20,4
1462900,14,33,12,0
1462900,15,71,4,3
1462900,16,43,7,12
1462900,17,58,0,7
1462900,18,77,6,16
1462900,19,45,6,10
1462900,20,52,3,7
1462900,21,59,11,20
1462900,22,13,21,0
1462900,23,76,3,8
1462900,24,37,30,0
1462900,25,52,4,7
1462900,26,43,13,0
1462900,27,12,3,1
1462900,28,37,8,3
1462900,29,43,0,4
1462900,30,26,11,0
1462900,31,56,7,0
1462900,32,55,13,0
1462900,33,28,12,0
1462900,34,22,0,2
1462900,35,57,23,5
1462900,36,10,6,0
1462900,37,37,23,0
1462900,38,56,9,7
1462900,40,15,8,4
1462900,44,47,7,0
1462900,45,11,0,0
1462900,46,5,0,0
1462900,47,10,6,0
1462900,48,32,0,0
1462900,49,12,3,8
1462900,50,36,26,19
1462900,51,21,0,6
1462900,52,49,14,27
1462900,53,6,0,13
1462900,54,18,0,0
1462900,55,16,0,0
1462900,56,22,0,0
1462900,57,67,11,6
1462900,58,35,0,2
1462900,59,1,0,2
1462900,60,42,0,7
1462900,61,10,12,15
1462900,62,68,3,14
1462900,63,32,31,13
1462900,64,69,16,0
1462900,65,5,5,0
1462900,66,17,7,11
1462900,67,15,5,12
1462900,68,70,15,5
1462900,69,29,12,1
1462900,70,22,5,0
1462900,71,7,6,7
1462900,72,55,5,3
1462900,73,79,2,18
1462900,74,55,9,9
1462900,75,68,0,4
1462900,76,19,3,0
1462900,77,25,6,10
1462900,78,17,3,11
1462900,80,20,0,0
1462900,81,49,2,10
1462900,82,60,19,11
1462900,83,60,11,0
1462900,84,63,6,13
1462900,85,7,8,3
1462900,86,70,0,0
1462900,87,37,5,14
1462900,91,24,0,3
1462900,92,43,8,18
1462900,93,14,4,0
1462900,97,30,4,0
1462900,98,33,3,0
1462900,99,0,0,2
1462900,100,14,1,7
1462900,101,50,19,4
1462900,102,63,3,9
1462900,103,22,8,7
1462900,104,40,0,0
1462900,105,22,14,0
1462900,106,65,17,0
1462900,107,74,17,1
1462900,108,23,9,18
1462900,109,38,10,12
1462900,110,30,2,8
1462900,111,11,5,0
1462900,112,33,4,2
1462900,113,13,0,0
1462900,115,26,12,0
1462900,116,62,10,0
1462900,117,45,4,18
1462900,118,13,0,0
1462900,119,15,9,6
1462900,120,23,0,0
1462900,121,45,0,7
1462900,122,17,2,2
1462900,123,7,5,0
1462900,124,28,4,6
1462900,125,11,11,0
